id,City,State,District,Density,Latitude,Longitude,Rating,Number of Reviews
Hospital #0,Anantpur,Andhra Pradesh,Ananthapuramu,219.608,14.696532573816466,77.5845696812239,4.1,229
Hospital #1,Anantpur,Andhra Pradesh,Ananthapuramu,219.608,14.660634599686995,77.57934210631872,4.9,19172
Hospital #2,Chitoor,Andhra Pradesh,Chittoor,273.23,13.229217171761988,79.08447238508815,3.9,139
Hospital #3,Chittoor,Andhra Pradesh,Chittoor,273.23,13.303435180892292,78.97211670732672,4.0,92
Hospital #4,East Godavari,Andhra Pradesh,East Godavari,715.46,16.970994716195186,82.2303962455134,4.8,8090
Hospital #5,East Godavari,Andhra Pradesh,East Godavari,715.46,16.33095886027219,80.4615551422084,4.4,467
Hospital #6,Guntur,Andhra Pradesh,Guntur,855.9,16.304665371173602,80.42615157785502,4.8,1121
Hospital #7,Guntur,Andhra Pradesh,Guntur,855.9,16.299439227373856,80.02127093796369,4.5,479
Hospital #8,Guntur,Andhra Pradesh,Guntur,855.9,16.27782019913075,80.03962179597357,4.6,940
Hospital #9,Guntur,Andhra Pradesh,Guntur,855.9,16.338983834280008,80.55891798770435,4.0,38
Hospital #10,Guntur,Andhra Pradesh,Guntur,855.9,16.276937603022017,80.43699795995973,4.8,1989
Hospital #11,Guntur,Andhra Pradesh,Guntur,855.9,16.35681097694647,80.41093695828027,4.3,439
Hospital #12,Guntur,Andhra Pradesh,Guntur,855.9,16.248378192058112,80.36956293029205,4.0,392
Hospital #13,Guntur,Andhra Pradesh,Guntur,855.9,16.39529729071638,80.50233162057708,3.1,487
Hospital #14,Guntur,Andhra Pradesh,Guntur,855.9,16.250507659236455,80.35677880705212,3.0,252
Hospital #15,Guntur,Andhra Pradesh,Guntur,855.9,16.23115384908339,80.48399400837442,2.7,26
Hospital #16,Guntur,Andhra Pradesh,Guntur,855.9,16.486378855179915,80.04728021729382,3.4,76
Hospital #17,Guntur,Andhra Pradesh,Guntur,855.9,16.284372299701715,80.40853384583733,4.7,913
Hospital #18,Guntur,Andhra Pradesh,Guntur,855.9,16.314286291683274,80.4597193136164,4.6,575
Hospital #19,Guntur,Andhra Pradesh,Guntur,855.9,16.3243416329625,80.41280052571909,4.7,317
Hospital #20,Guntur,Andhra Pradesh,Guntur,855.9,16.29513292333803,80.4316695289919,4.4,281
Hospital #21,Guntur,Andhra Pradesh,Guntur,855.9,16.200465367682924,80.00290279776303,4.0,34
Hospital #22,Guntur,Andhra Pradesh,Guntur,855.9,16.30249851437953,80.43413724244195,4.6,575
Hospital #23,Guntur,Andhra Pradesh,Guntur,855.9,16.250142607358754,80.37129326808581,4.3,116
Hospital #24,Guntur,Andhra Pradesh,Guntur,855.9,16.34687162003222,80.55983634446578,4.2,16
Hospital #25,Guntur,Andhra Pradesh,Guntur,855.9,16.410068089043385,80.40154284396147,3.2,142
Hospital #26,Guntur,Andhra Pradesh,Guntur,855.9,16.307280099983082,80.42794990894367,4.6,443
Hospital #27,Guntur,Andhra Pradesh,Guntur,855.9,16.337919417440453,79.95152324445125,2.6,30
Hospital #28,Guntur,Andhra Pradesh,Guntur,855.9,16.301770681777008,80.44456970332085,4.8,19688
Hospital #29,Guntur,Andhra Pradesh,Guntur,855.9,16.38517875460687,80.30051259374858,3.2,161
Hospital #30,Guntur,Andhra Pradesh,Guntur,855.9,16.066828712528896,80.42686360085742,5.0,2
Hospital #31,Guntur,Andhra Pradesh,Guntur,855.9,16.30284318872382,80.51240553090143,2.7,168
Hospital #32,Guntur,Andhra Pradesh,Guntur,855.9,16.353511834690217,80.39153042579285,4.3,28
Hospital #33,Guntur,Andhra Pradesh,Guntur,855.9,16.337472725646204,80.44539567392478,4.4,2171
Hospital #34,Guntur,Andhra Pradesh,Guntur,855.9,16.240588758064305,80.1089528676354,2.3,92
Hospital #35,Guntur,Andhra Pradesh,Guntur,855.9,16.45554293378526,80.50209767997183,4.0,9
Hospital #36,Guntur,Andhra Pradesh,Guntur,855.9,16.273210095236287,80.46126205700541,4.5,479
Hospital #37,Guntur,Andhra Pradesh,Guntur,855.9,16.37446863527412,80.52953321710174,4.0,45
Hospital #38,Guntur,Andhra Pradesh,Guntur,855.9,16.37496436323442,80.31089032511025,5.0,11
Hospital #39,Guntur,Andhra Pradesh,Guntur,855.9,16.38769581036906,80.08647938453377,3.2,13
Hospital #40,Guntur,Andhra Pradesh,Guntur,855.9,16.3126256896706,80.47413895638394,4.1,439
Hospital #41,Guntur,Andhra Pradesh,Guntur,855.9,16.3434197397175,80.44037332268107,4.6,742
Hospital #42,Guntur,Andhra Pradesh,Guntur,855.9,14.341428353881549,78.77691679863644,2.9,28
Hospital #43,Kadapa,Andhra Pradesh,Ysr Kadapa,183.532,14.466520400587791,78.84326319114953,3.9,162
Hospital #44,Kadapa,Andhra Pradesh,Ysr Kadapa,183.532,14.484706992506537,78.80586845894406,3.7,180
Hospital #45,Kadapa,Andhra Pradesh,Ysr Kadapa,183.532,14.470661640087528,78.82192448770056,4.9,1889
Hospital #46,Kadapa,Andhra Pradesh,Ysr Kadapa,183.532,14.458795384994133,78.83310235486508,3.3,57
Hospital #47,Kadapa,Andhra Pradesh,Ysr Kadapa,183.532,14.505292878714704,78.75341414085172,3.3,89
Hospital #48,Kadapa,Andhra Pradesh,Ysr Kadapa,183.532,14.469167252919728,78.81863393078899,2.8,135
Hospital #49,Kakinada,Andhra Pradesh,Kakinada,693.04,17.033348253057497,82.22018896672532,4.9,4941
Hospital #50,Kakinada,Andhra Pradesh,Kakinada,693.04,15.827262948027276,78.04021836041206,4.7,2160
Hospital #51,Kurnool,Andhra Pradesh,Kurnool,284.67,15.833251856909897,78.03491913940833,4.8,1359
Hospital #52,Kurnool,Andhra Pradesh,Kurnool,284.67,15.770867406890616,78.03947406362373,3.6,414
Hospital #53,Kurnool,Andhra Pradesh,Kurnool,284.67,15.444278311724698,78.49048458684956,3.2,84
Hospital #54,Kurnool,Andhra Pradesh,Kurnool,284.67,15.478322619967628,78.47812322945379,4.2,100
Hospital #55,Kurnool,Andhra Pradesh,Kurnool,284.67,15.491595691581466,78.4669140700423,4.7,7615
Hospital #56,Nandyal,Andhra Pradesh,Nandyal,184.032,15.463547925124136,78.52193415946226,3.3,59
Hospital #57,Nandyal,Andhra Pradesh,Nandyal,184.032,15.514889654516594,78.49942338658286,3.4,25
Hospital #58,Nandyal,Andhra Pradesh,Nandyal,184.032,15.48727483242105,78.4296866823078,3.7,232
Hospital #59,Nandyal,Andhra Pradesh,Nandyal,184.032,15.389756601796671,78.4469496045302,4.2,24
Hospital #60,Nelamangala,Andhra Pradesh,Bangalore Rural,441.0,18.1670625,83.4464929,4.0,73
Hospital #61,Nellore,Andhra Pradesh,Nellore,236.0,14.410310751497176,80.00197981156052,3.5,66
Hospital #62,Nellore,Andhra Pradesh,Nellore,236.0,14.530603915925036,79.95286473075723,3.9,67
Hospital #63,Nellore,Andhra Pradesh,Nellore,236.0,14.442023929923684,79.95349572002995,4.9,105
Hospital #64,Nellore,Andhra Pradesh,Nellore,236.0,14.417458910672469,79.92314950582002,3.9,21
Hospital #65,Nellore,Andhra Pradesh,Nellore,236.0,14.5000445864409,79.94529820442895,4.5,20
Hospital #66,Nellore,Andhra Pradesh,Nellore,236.0,14.43669262995099,79.9928041986446,4.9,13062
Hospital #67,Nellore,Andhra Pradesh,Nellore,236.0,14.471349234463815,79.97068964116961,4.1,90
Hospital #68,Nellore,Andhra Pradesh,Nellore,236.0,14.456045577253152,79.9838487933919,4.7,1845
Hospital #69,Nellore,Andhra Pradesh,Nellore,236.0,14.130460407170151,79.88333900810004,4.0,151
Hospital #70,Nellore,Andhra Pradesh,Nellore,236.0,14.378376542779534,79.9891380609805,3.6,132
Hospital #71,Nellore,Andhra Pradesh,Nellore,236.0,14.47063612237027,79.97359550436475,4.6,15
Hospital #72,Nellore,Andhra Pradesh,Nellore,236.0,14.442501647978675,79.9789955769064,4.1,229
Hospital #73,Nellore,Andhra Pradesh,Nellore,236.0,14.42941602207874,79.9910566053979,4.1,199
Hospital #74,Nellore,Andhra Pradesh,Nellore,236.0,14.460074264769023,80.00368004755758,3.0,29
Hospital #75,Nellore,Andhra Pradesh,Nellore,236.0,14.45578580899101,79.92091253084178,4.3,82
Hospital #76,Ongole,Andhra Pradesh,Prakasam,160.0,15.50592427373531,80.03080159392952,3.6,35
Hospital #77,Ongole,Andhra Pradesh,Prakasam,160.0,15.497340729114214,80.03480417706339,4.4,40
Hospital #78,Ongole,Andhra Pradesh,Prakasam,160.0,15.622570449314928,79.99142191394283,3.1,47
Hospital #79,Ongole,Andhra Pradesh,Prakasam,160.0,15.520991705551506,80.03092807425688,4.7,193
Hospital #80,Ongole,Andhra Pradesh,Prakasam,160.0,15.556692014821657,80.05001988773634,3.8,47
Hospital #81,Ongole,Andhra Pradesh,Prakasam,160.0,15.512155796830662,80.05025315468981,3.6,103
Hospital #82,Proddutur,Andhra Pradesh,Ysr Kadapa,183.532,14.70350719098175,78.54262760917568,4.3,11
Hospital #83,Proddutur,Andhra Pradesh,Ysr Kadapa,183.532,14.795061323780608,78.51921981549705,3.8,33
Hospital #84,Proddutur,Andhra Pradesh,Ysr Kadapa,183.532,14.745297847268636,78.51729858922384,3.6,33
Hospital #85,Rajahmundry,Andhra Pradesh,East Godavari,715.46,17.028181883282425,81.81210307578621,5.0,190
Hospital #86,Srikakulam,Andhra Pradesh,Srikakulam,477.34,16.580504256552313,81.70734518769693,3.5,26
Hospital #87,Tadepalligudem,Andhra Pradesh,West Godavari,817.3,16.826144322733317,81.77596877192055,4.0,41
Hospital #88,Tanuku,Andhra Pradesh,West Godavari,817.3,16.815795444837967,81.6797409051013,3.8,76
Hospital #89,Tanuku,Andhra Pradesh,West Godavari,817.3,16.746191776714536,81.7246141001579,4.6,37
Hospital #90,Tanuku,Andhra Pradesh,West Godavari,817.3,16.762792264860575,81.67061553653826,4.4,132
Hospital #91,Tirupati,Andhra Pradesh,Tirupati,241.72,13.595494866272436,79.40312800341576,3.8,102
Hospital #92,Tirupati,Andhra Pradesh,Tirupati,241.72,13.634939344525272,79.42737863304455,4.3,1080
Hospital #93,Tirupati,Andhra Pradesh,Tirupati,241.72,13.616664487787382,79.41373341935443,4.5,92
Hospital #94,Tirupati,Andhra Pradesh,Tirupati,241.72,13.621316502868416,79.40268717421604,4.2,90
Hospital #95,Tirupati,Andhra Pradesh,Tirupati,241.72,13.626769326653868,79.34083407059133,4.6,57
Hospital #96,Tirupati,Andhra Pradesh,Tirupati,241.72,13.664737526641154,79.44644016229505,4.2,132
Hospital #97,Tirupati,Andhra Pradesh,Tirupati,241.72,13.608188064858153,79.3799867758066,3.6,203
Hospital #98,Tirupati,Andhra Pradesh,Tirupati,241.72,13.640461036155298,79.44457309964778,4.4,392
Hospital #99,Tirupati,Andhra Pradesh,Tirupati,241.72,13.629339334640957,79.39382699525872,4.3,1449
Hospital #100,Tirupati,Andhra Pradesh,Tirupati,241.72,13.561225705555335,79.36541006259053,4.4,59
Hospital #101,Tirupati,Andhra Pradesh,Tirupati,241.72,13.639744504079292,79.40858656089063,3.9,117
Hospital #102,Tirupati,Andhra Pradesh,Tirupati,241.72,13.641819170632251,79.42144215430585,4.7,1239
Hospital #103,Tirupati,Andhra Pradesh,Tirupati,241.72,13.630097389654528,79.4509831413769,4.9,9953
Hospital #104,Vijayawada,Andhra Pradesh,Krishna,459.602,16.510485151288297,80.59290771939907,4.6,2201
Hospital #105,Vijayawada,Andhra Pradesh,Krishna,459.602,16.4931736869628,80.5834832962945,4.2,819
Hospital #106,Vijayawada,Andhra Pradesh,Krishna,459.602,16.47325813727966,80.60520535572579,4.7,7951
Hospital #107,Vijayawada,Andhra Pradesh,Krishna,459.602,16.49614400981399,80.58969706764677,4.8,6594
Hospital #108,Vijayawada,Andhra Pradesh,Krishna,459.602,16.467543272911264,80.65036148357943,4.3,96
Hospital #109,Vijayawada,Andhra Pradesh,Krishna,459.602,16.491734702981407,80.66795144861761,4.7,4262
Hospital #110,Vijayawada,Andhra Pradesh,Krishna,459.602,16.525618629661558,80.61319055790234,3.7,295
Hospital #111,Vijayawada,Andhra Pradesh,Krishna,459.602,16.51998518625105,80.63033904706388,3.6,149
Hospital #112,Vijayawada,Andhra Pradesh,Krishna,459.602,16.502710180198143,80.66426228359472,4.6,1297
Hospital #113,Vijayawada,Andhra Pradesh,Krishna,459.602,16.50198909810127,80.62938333737694,4.5,811
Hospital #114,Vijayawada,Andhra Pradesh,Krishna,459.602,16.39566000673991,80.53196827166262,5.0,1
Hospital #115,Vijayawada,Andhra Pradesh,Krishna,459.602,16.539703008476824,80.67391463565193,4.3,1899
Hospital #116,Vijayawada,Andhra Pradesh,Krishna,459.602,16.46347418664767,80.68094646041104,3.6,127
Hospital #117,Vijayawada,Andhra Pradesh,Krishna,459.602,16.538526063401623,80.59906437555853,3.2,115
Hospital #118,Vijayawada,Andhra Pradesh,Krishna,459.602,16.490882102643873,80.60690639875773,4.8,6594
Hospital #119,Vijayawada,Andhra Pradesh,Krishna,459.602,16.503732515539028,80.64407195911981,4.5,1609
Hospital #120,Vijayawada,Andhra Pradesh,Krishna,459.602,16.551859470943207,80.73015999389806,4.0,80
Hospital #121,Vijayawada,Andhra Pradesh,Krishna,459.602,16.22501820029611,80.72225660863606,3.3,4
Hospital #122,Vijaywada,Andhra Pradesh,Krishna,459.602,16.5063708257186,80.60547561186917,4.9,5511
Hospital #123,Vijaywada,Andhra Pradesh,Krishna,459.602,16.57496946794992,80.5339256079703,4.5,21
Hospital #124,Vijaywada,Andhra Pradesh,Krishna,459.602,16.51056210462941,80.69476758725568,4.7,2035
Hospital #125,Vijaywada,Andhra Pradesh,Krishna,459.602,16.489032683982018,80.5925762541472,4.0,63
Hospital #126,Vijaywada,Andhra Pradesh,Krishna,459.602,16.501845791909652,80.80125722148372,3.0,89
Hospital #127,Vijaywada,Andhra Pradesh,Krishna,459.602,16.52557298382739,80.62671607419266,2.9,531
Hospital #128,Vijaywada,Andhra Pradesh,Krishna,459.602,16.655084650826634,80.77154243353077,5.0,1
Hospital #129,Vijaywada,Andhra Pradesh,Krishna,459.602,16.385556695409537,80.40528360976532,3.7,3
Hospital #130,Vijaywada,Andhra Pradesh,Krishna,459.602,16.522763750860335,80.63159672160208,4.6,70
Hospital #131,Visakhapatnam,Andhra Pradesh,Visakhapatnam,1869.8,17.667822292413955,83.33556687867267,4.5,185
Hospital #132,Visakhapatnam,Andhra Pradesh,Visakhapatnam,1869.8,17.913677111784963,83.57976711461774,2.9,18
Hospital #133,Visakhapatnam,Andhra Pradesh,Visakhapatnam,1869.8,17.723589252087592,83.3044705107623,4.1,1893
Hospital #134,Visakhapatnam,Andhra Pradesh,Visakhapatnam,1869.8,17.720664513140477,83.31476180614747,4.3,739
Hospital #135,Visakhapatnam,Andhra Pradesh,Visakhapatnam,1869.8,17.712577776448352,83.29666865995605,4.5,892
Hospital #136,Visakhapatnam,Andhra Pradesh,Visakhapatnam,1869.8,17.73562872311609,83.29119067859388,3.5,103
Hospital #137,Visakhapatnam,Andhra Pradesh,Visakhapatnam,1869.8,17.588223794310938,83.23512654745976,2.9,68
Hospital #138,Visakhapatnam,Andhra Pradesh,Visakhapatnam,1869.8,17.723993917549137,83.28022134372048,4.8,3804
Hospital #139,Visakhapatnam,Andhra Pradesh,Visakhapatnam,1869.8,17.72872304458137,83.28788096076755,4.6,4917
Hospital #140,Visakhapatnam,Andhra Pradesh,Visakhapatnam,1869.8,17.73096551108286,83.30607488010678,4.0,136
Hospital #141,Visakhapatnam,Andhra Pradesh,Visakhapatnam,1869.8,17.722591557192708,83.18992755398475,4.6,19600
Hospital #142,Visakhapatnam,Andhra Pradesh,Visakhapatnam,1869.8,17.776889376851475,83.16773950460808,3.1,137
Hospital #143,Visakhapatnam,Andhra Pradesh,Visakhapatnam,1869.8,17.746367506941578,83.32876869143361,4.9,5864
Hospital #144,Visakhapatnam,Andhra Pradesh,Visakhapatnam,1869.8,17.67588146931173,83.33647267930243,4.0,262
Hospital #145,Visakhapatnam,Andhra Pradesh,Visakhapatnam,1869.8,17.734466034331238,83.2881362329191,4.1,1418
Hospital #146,Visakhapatnam,Andhra Pradesh,Visakhapatnam,1869.8,17.684085595634606,83.19157334180719,3.0,141
Hospital #147,Visakhapatnam,Andhra Pradesh,Visakhapatnam,1869.8,17.80116432928278,83.40645445307408,3.0,160
Hospital #148,Visakhapatnam,Andhra Pradesh,Visakhapatnam,1869.8,17.76397891160117,83.2806040528482,4.5,2079
Hospital #149,Visakhapatnam,Andhra Pradesh,Visakhapatnam,1869.8,17.91360592392028,83.36939613814201,4.3,16
Hospital #150,Visakhapatnam,Andhra Pradesh,Visakhapatnam,1869.8,17.70332331964755,83.36145202995594,3.5,144
Hospital #151,Visakhapatnam,Andhra Pradesh,Visakhapatnam,1869.8,17.795762926125985,83.39529621538634,4.5,51
Hospital #152,Visakhapatnam,Andhra Pradesh,Visakhapatnam,1869.8,17.69647167151717,83.27886265184665,4.2,131
Hospital #153,Visakhapatnam,Andhra Pradesh,Visakhapatnam,1869.8,17.74959756897612,82.9516131681602,3.5,16
Hospital #154,Visakhapatnam,Andhra Pradesh,Visakhapatnam,1869.8,17.738409851016772,83.29692207268167,4.8,691
Hospital #155,West Godavari,Andhra Pradesh,West Godavari,817.3,16.745326550664483,81.67832754434282,4.5,1868
Hospital #156,West Godavari,Andhra Pradesh,West Godavari,817.3,16.471953117218145,81.67145293830097,3.4,5
Hospital #157,West Godavari,Andhra Pradesh,West Godavari,817.3,16.49857513265502,81.72244904934254,4.1,8
Hospital #158,West Godavari,Andhra Pradesh,West Godavari,817.3,16.398708386685218,81.71232780849566,2.3,18
Hospital #159,Dibrugarh,Assam,Dibrugarh,393.0,26.19908213905008,91.65079248792232,4.5,105
Hospital #160,Dibrugarh,Assam,Dibrugarh,393.0,26.18821047570896,91.62093075782472,3.5,6
Hospital #161,Guwahati,Assam,Kamrup Metropolitan,2010.0,26.21066729458935,91.67003012258829,4.8,6491
Hospital #162,Guwahati,Assam,Kamrup Metropolitan,2010.0,26.186823692660216,91.73808175382877,4.9,4024
Hospital #163,Guwahati,Assam,Kamrup Metropolitan,2010.0,26.156640988631167,91.75155815231136,4.8,92
Hospital #164,Darbhanga,Bihar,Darbhanga,1721.0,26.1364375,85.9057429,3.5,678
Hospital #165,Hajipur,Bihar,Vaishali,1717.0,25.70958050742617,85.2009555047313,4.9,1528
Hospital #166,Muzffarpur,Bihar,Muzaffarpur,1506.0,26.1168125,85.3946179,4.7,2770
Hospital #167,Patna,Bihar,Patna,1803.0,25.651264228671625,85.11740401088103,3.4,2330
Hospital #168,Patna,Bihar,Patna,1803.0,25.60800313395584,85.12506807597198,4.3,784
Hospital #169,Patna,Bihar,Patna,1803.0,25.60001775474884,85.051507949391,3.8,6543
Hospital #170,Patna,Bihar,Patna,1803.0,25.618793393637056,85.10743281928939,3.0,2
Hospital #171,Patna,Bihar,Patna,1803.0,25.629523827702062,85.04096091904002,4.4,1494
Hospital #172,Patna,Bihar,Patna,1803.0,25.59935025819614,85.19274189410143,4.6,11647
Hospital #173,Patna,Bihar,Patna,1803.0,25.65616876589995,85.08027292060606,3.8,370
Hospital #174,Purnea,Bihar,Purnia,1014.0,25.8744375,87.5344929,3.0,275
Hospital #175,Chandigarh,Chandigarh,Chandigarh,9258.0,30.80163927078445,76.64363555334353,4.1,182
Hospital #176,Chandigarh,Chandigarh,Chandigarh,9258.0,30.72550569848501,76.75911556745258,4.0,579
Hospital #177,Chandigarh,Chandigarh,Chandigarh,9258.0,30.779380676158407,76.82299071677487,4.5,1545
Hospital #178,Chandigarh,Chandigarh,Chandigarh,9258.0,30.61396160724412,76.75036828961157,4.5,136
Hospital #179,Raipur,Chattisgarh,Raipur,750.0,21.21325145169591,81.65521475055532,4.9,24035
Hospital #180,Raipur,Chattisgarh,Raipur,750.0,21.210741356859074,81.54533043439532,4.0,274
Hospital #181,Raipur,Chattisgarh,Raipur,750.0,21.215490852406447,81.65093432591533,4.5,5273
Hospital #182,Raipur,Chattisgarh,Raipur,750.0,21.26248801976624,81.60056314988255,4.6,6846
Hospital #183,Raipur,Chattisgarh,Raipur,750.0,21.2779031237701,81.66731603554014,3.9,1299
Hospital #184,Raipur,Chattisgarh,Raipur,750.0,21.41905372467786,81.50919028065302,2.7,31
Hospital #185,Raipur,Chattisgarh,Raipur,750.0,21.234589327638083,81.69071685926106,4.1,330
Hospital #186,Raipur,Chattisgarh,Raipur,750.0,21.284302850340104,81.61279642517285,4.3,88
Hospital #187,Raipur,Chattisgarh,Raipur,750.0,21.19676655186796,81.66533709458284,4.1,229
Hospital #188,Raipur,Chattisgarh,Raipur,750.0,21.26590295533341,81.6782474554257,3.8,165
Hospital #189,Delhi,Delhi,New Delhi,4057.0,28.790933312253188,77.14442236177933,3.7,489
Hospital #190,Delhi,Delhi,New Delhi,4057.0,28.71522855170108,77.43162927957947,3.9,335
Hospital #191,Delhi,Delhi,New Delhi,4057.0,28.651854254689,77.08379422695073,4.4,2043
Hospital #192,Delhi,Delhi,New Delhi,4057.0,28.688444739054816,77.73664302480475,2.6,42
Hospital #193,Delhi,Delhi,New Delhi,4057.0,28.5232793453882,76.90563919257798,3.2,271
Hospital #194,Delhi,Delhi,New Delhi,4057.0,28.625510323391005,77.28359062470314,4.7,1623
Hospital #195,Delhi,Delhi,New Delhi,4057.0,28.77421542802284,76.90470995411724,3.4,120
Hospital #196,Delhi,Delhi,New Delhi,4057.0,28.609371505341933,77.30262011749709,4.4,3326
Hospital #197,Delhi,Delhi,New Delhi,4057.0,28.571286497595167,77.43245197607118,3.5,157
Hospital #198,Delhi,Delhi,New Delhi,4057.0,28.690934451046395,77.29741870136675,4.3,872
Hospital #199,Delhi,Delhi,New Delhi,4057.0,28.579772484025654,77.08999198581591,3.6,338
Hospital #200,Delhi,Delhi,New Delhi,4057.0,28.65225981324117,77.30133685614393,3.7,507
Hospital #201,Delhi,Delhi,New Delhi,4057.0,28.56660558648315,77.2347591379503,4.5,604
Hospital #202,Delhi,Delhi,New Delhi,4057.0,28.62709941906927,77.04961961251081,4.3,18742
Hospital #203,Delhi,Delhi,New Delhi,4057.0,28.76211836038204,76.61106018408562,4.2,28
Hospital #204,Delhi,Delhi,New Delhi,4057.0,29.09771415051557,76.43014766077091,2.9,35
Hospital #205,Delhi,Delhi,New Delhi,4057.0,28.682235800066906,77.02756848488669,3.9,1234
Hospital #206,New Delhi,Delhi,New Delhi,4057.0,28.610319082802462,77.37699761192324,4.2,4368
Hospital #207,New Delhi,Delhi,New Delhi,4057.0,28.62409094238056,77.2817063702805,4.4,1458
Hospital #208,New Delhi,Delhi,New Delhi,4057.0,28.51101423038541,77.41548596455706,5.0,8
Hospital #209,New Delhi,Delhi,New Delhi,4057.0,28.6705625,77.2136179,1.0,1
Hospital #210,New Delhi,Delhi,New Delhi,4057.0,28.77171425893273,77.12477105879479,3.0,467
Hospital #211,New Delhi,Delhi,New Delhi,4057.0,28.56174476763819,77.2560511990329,4.6,15653
Hospital #212,New Delhi,Delhi,New Delhi,4057.0,28.6029535642664,77.20535564985373,3.8,1172
Hospital #213,New Delhi,Delhi,New Delhi,4057.0,28.62202997741961,77.10647074901047,4.2,1487
Hospital #214,New Delhi,Delhi,New Delhi,4057.0,28.48273534701604,77.25694590846598,3.3,223
Hospital #215,New Delhi,Delhi,New Delhi,4057.0,28.520449124270463,77.15006812993599,4.0,4149
Hospital #216,New Delhi,Delhi,New Delhi,4057.0,28.5619440029579,77.16192865842956,4.6,1341
Hospital #217,New Delhi,Delhi,New Delhi,4057.0,28.558602256531408,77.17823020882084,4.3,1272
Hospital #218,New Delhi,Delhi,New Delhi,4057.0,28.566043295595705,77.12441724098802,4.4,6493
Hospital #219,New Delhi,Delhi,New Delhi,4057.0,28.562971237622747,77.22875672026741,4.5,1574
Hospital #220,New Delhi,Delhi,New Delhi,4057.0,28.65747402509079,77.19470654678,3.5,856
Hospital #221,New Delhi,Delhi,New Delhi,4057.0,28.60665427093445,77.12013684710871,4.0,392
Hospital #222,New Delhi,Delhi,New Delhi,4057.0,28.501063450771547,76.90412689483708,3.6,51
Hospital #223,New Delhi,Delhi,New Delhi,4057.0,28.532471150720376,77.12744969768923,4.0,786
Hospital #224,New Delhi,Delhi,New Delhi,4057.0,28.669801425410565,77.09926144805361,3.9,376
Hospital #225,New Delhi,Delhi,New Delhi,4057.0,28.753698621288304,77.23592942854019,3.9,64
Hospital #226,New Delhi,Delhi,New Delhi,4057.0,28.637651587452904,77.05371624659125,4.4,78
Hospital #227,New Delhi,Delhi,New Delhi,4057.0,28.584070643280924,76.94872444071544,4.1,795
Hospital #228,New Delhi,Delhi,New Delhi,4057.0,28.657788098727394,77.24360218405751,3.6,324
Hospital #229,New Delhi,Delhi,New Delhi,4057.0,28.642076358133792,77.16068175199958,4.6,799
Hospital #230,New Delhi,Delhi,New Delhi,4057.0,28.584784521720564,77.29313796937706,4.1,1397
Hospital #231,New Delhi,Delhi,New Delhi,4057.0,28.75361181231072,77.39097768486222,4.5,71
Hospital #232,New Delhi,Delhi,New Delhi,4057.0,28.6188242559346,77.20334570485026,4.6,888
Hospital #233,New Delhi,Delhi,New Delhi,4057.0,28.49473770623057,77.20397540509052,3.8,225
Hospital #234,New Delhi,Delhi,New Delhi,4057.0,28.5446521188047,77.47685712606109,3.2,121
Hospital #235,New Delhi,Delhi,New Delhi,4057.0,28.90380496809104,77.30497553088762,3.3,158
Hospital #236,New Delhi,Delhi,New Delhi,4057.0,28.6114789803313,77.23902436584754,3.7,1390
Hospital #237,New Delhi,Delhi,New Delhi,4057.0,28.679829005192914,77.08003715753478,3.8,76
Hospital #238,New Delhi,Delhi,New Delhi,4057.0,28.80820609785912,77.106306089281,4.2,68
Hospital #239,New Delhi,Delhi,New Delhi,4057.0,28.63252628305311,77.4076490112678,2.5,8
Hospital #240,New Delhi,Delhi,New Delhi,4057.0,28.46011974269045,77.17301019593019,4.1,229
Hospital #241,New Delhi,Delhi,New Delhi,4057.0,28.39023118720344,77.5978369683939,3.6,39
Hospital #242,New Delhi,Delhi,New Delhi,4057.0,28.63162840811423,77.17266316755742,4.5,1860
Hospital #243,New Delhi,Delhi,New Delhi,4057.0,28.621199826558247,77.17173871569021,3.5,1382
Hospital #244,New Delhi,Delhi,New Delhi,4057.0,28.63447714832153,77.3607022550573,4.5,2080
Hospital #245,New Delhi,Delhi,New Delhi,4057.0,28.59555259096367,77.29434822385993,4.2,78
Hospital #246,New Delhi,Delhi,New Delhi,4057.0,28.520926866946063,77.19668505750244,4.3,1773
Hospital #247,New Delhi,Delhi,New Delhi,4057.0,28.62969684429632,77.03032874291459,4.5,2717
Hospital #248,New Delhi,Delhi,New Delhi,4057.0,28.72052137090948,77.05802641083518,4.1,724
Hospital #249,New Delhi,Delhi,New Delhi,4057.0,28.903426329435383,77.07639944054448,2.5,37
Hospital #250,New Delhi,Delhi,New Delhi,4057.0,28.69119595906665,77.09801520564548,3.9,114
Hospital #251,New Delhi,Delhi,New Delhi,4057.0,28.570021041094336,77.00890399304754,4.1,2330
Hospital #252,New Delhi,Delhi,New Delhi,4057.0,28.56969231504446,77.03598029455155,3.4,179
Hospital #253,New Delhi,Delhi,New Delhi,4057.0,28.78972219079334,76.86833175249282,3.8,139
Hospital #254,New Delhi,Delhi,New Delhi,4057.0,28.66013611336802,77.00749611338779,3.5,389
Hospital #255,New Delhi,Delhi,New Delhi,4057.0,28.57945384744076,77.17088807649522,4.2,384
Hospital #256,New Delhi,Delhi,New Delhi,4057.0,28.70885607161496,77.26782014729582,3.3,690
Hospital #257,New Delhi,Delhi,New Delhi,4057.0,28.757353630816617,77.14820641825335,4.1,594
Hospital #258,New Delhi,Delhi,New Delhi,4057.0,28.55969945021149,77.2915598616928,3.3,106
Hospital #259,New Delhi,Delhi,New Delhi,4057.0,30.96808257889144,76.88214814409724,2.9,4
Hospital #260,New Delhi,Delhi,New Delhi,4057.0,28.583029252607247,77.08136391941447,4.5,395
Hospital #261,New Delhi,Delhi,New Delhi,4057.0,29.166540432942178,76.38813937323643,5.0,1
Hospital #262,New Delhi,Delhi,New Delhi,4057.0,28.64868435481369,77.05677425191132,4.7,3719
Hospital #263,New Delhi,Delhi,New Delhi,4057.0,28.625311267677446,76.96174232031255,3.4,109
Hospital #264,New Delhi,Delhi,New Delhi,4057.0,28.56546956424315,77.13100342380801,4.3,1773
Hospital #265,New Delhi,Delhi,New Delhi,4057.0,28.5461834357532,77.30218137928695,4.2,3912
Hospital #266,New Delhi,Delhi,New Delhi,4057.0,28.637465430451392,77.07995927114426,3.8,236
Hospital #267,New Delhi,Delhi,New Delhi,4057.0,28.689875720607297,77.03919653998594,4.5,3036
Hospital #268,New Delhi,Delhi,New Delhi,4057.0,28.614922533318406,77.0439510929169,4.0,1022
Hospital #269,New Delhi,Delhi,New Delhi,4057.0,28.664642698141925,77.1396038624789,4.3,2153
Hospital #270,New Delhi,Delhi,New Delhi,4057.0,28.75261617049648,77.3796460851868,3.1,998
Hospital #271,New Delhi,Delhi,New Delhi,4057.0,28.58602656606397,77.38340084849307,3.7,1085
Hospital #272,New Delhi,Delhi,New Delhi,4057.0,28.62094418798605,77.14854843101982,4.0,849
Hospital #273,New Delhi,Delhi,New Delhi,4057.0,28.55318172366496,76.87011676971389,3.4,388
Hospital #274,New Delhi,Delhi,New Delhi,4057.0,28.63970083864321,77.26448692340394,4.2,248
Hospital #275,New Delhi,Delhi,New Delhi,4057.0,28.637826227656863,76.98415189986827,4.6,1916
Hospital #276,New Delhi,Delhi,New Delhi,4057.0,28.54491122577464,76.95712882524079,3.9,150
Hospital #277,New Delhi,Delhi,New Delhi,4057.0,28.570224909266315,77.25233987280669,4.4,2588
Hospital #278,New Delhi,Delhi,New Delhi,4057.0,28.52250609877008,77.36981736926656,4.5,71
Hospital #279,New Delhi,Delhi,New Delhi,4057.0,28.92946383311846,77.15567626092023,3.4,212
Hospital #280,New Delhi,Delhi,New Delhi,4057.0,28.63640037776699,76.98287470530924,3.5,423
Hospital #281,New Delhi,Delhi,New Delhi,4057.0,28.19106301899968,77.25749307683627,3.1,104
Hospital #282,New Delhi,Delhi,New Delhi,4057.0,28.664509267609976,77.05752750768276,3.4,156
Hospital #283,New Delhi,Delhi,New Delhi,4057.0,28.638532880158458,77.11742811667041,4.4,250
Hospital #284,New Delhi,Delhi,New Delhi,4057.0,28.649252651940724,77.2204516368715,4.8,6776
Hospital #285,New Delhi,Delhi,New Delhi,4057.0,28.597695375466063,77.10726276164665,4.6,2924
Hospital #286,New Delhi,Delhi,New Delhi,4057.0,28.639476692304257,77.11426046685118,4.1,281
Hospital #287,New Delhi,Delhi,New Delhi,4057.0,29.194955684224738,76.83412485090217,3.3,39
Hospital #288,New Delhi,Delhi,New Delhi,4057.0,29.329880652474827,77.41129021184207,3.3,5
Hospital #289,New Delhi,Delhi,New Delhi,4057.0,28.63774828997629,77.14002661874572,4.8,6776
Hospital #290,New Delhi,Delhi,New Delhi,4057.0,28.97681706774523,77.49425395469002,3.3,21
Hospital #291,New Delhi,Delhi,New Delhi,4057.0,28.645571209551512,77.05981983550438,4.0,171
Hospital #292,New Delhi,Delhi,New Delhi,4057.0,28.594864079399585,77.24144608524881,4.9,3385
Hospital #293,New Delhi,Delhi,New Delhi,4057.0,28.62365637703276,77.27744265773887,3.4,177
Hospital #294,New Delhi,Delhi,New Delhi,4057.0,28.54528843080707,77.27481256369951,4.1,358
Hospital #295,New Delhi,Delhi,New Delhi,4057.0,28.584252245061343,77.18375753463113,4.6,314
Hospital #296,New Delhi,Delhi,New Delhi,4057.0,28.515425957744704,77.168327020046,4.7,1164
Hospital #297,New Delhi,Delhi,New Delhi,4057.0,28.472204948193777,77.07947139993018,3.6,54
Hospital #298,New Delhi,Delhi,New Delhi,4057.0,28.56905150979156,76.99399062726147,2.5,98
Hospital #299,New Delhi,Delhi,New Delhi,4057.0,28.340868640671907,76.79205299183127,3.0,95
Hospital #300,New Delhi,Delhi,New Delhi,4057.0,29.22596439639061,76.87097581449625,3.1,57
Hospital #301,New Delhi,Delhi,New Delhi,4057.0,28.31367817696692,77.02800037037935,3.4,224
Hospital #302,New Delhi,Delhi,New Delhi,4057.0,28.781614029562945,77.15339595246253,4.5,285
Hospital #303,New Delhi,Delhi,New Delhi,4057.0,28.789737181616417,77.52905676293588,4.2,45
Hospital #304,New Delhi,Delhi,New Delhi,4057.0,28.626776931285725,77.0802441562159,4.9,5204
Hospital #305,New Delhi,Delhi,New Delhi,4057.0,28.52265448028634,77.28122411175065,4.8,5353
Hospital #306,New Delhi,Delhi,New Delhi,4057.0,28.723258186619645,77.16832588588649,4.6,7921
Hospital #307,New Delhi,Delhi,New Delhi,4057.0,28.76145998071044,77.11946668365884,4.3,5843
Hospital #308,New Delhi,Delhi,New Delhi,4057.0,28.5933661744452,77.23409031359922,4.9,2061
Hospital #309,New Delhi,Delhi,New Delhi,4057.0,28.4727980048244,76.59919570933977,3.5,74
Hospital #310,New Delhi,Delhi,New Delhi,4057.0,28.47746203070384,77.32049023333684,4.1,501
Hospital #311,New Delhi,Delhi,New Delhi,4057.0,28.627307478096427,77.05812259709573,4.7,21848
Hospital #312,New Delhi,Delhi,New Delhi,4057.0,28.42860515966281,77.25728111646299,3.3,110
Hospital #313,New Delhi,Delhi,New Delhi,4057.0,28.265434103095203,76.8152258463382,3.7,31
Hospital #314,New Delhi,Delhi,New Delhi,4057.0,28.675366472612268,77.16514833173237,4.5,1696
Hospital #315,New Delhi,Delhi,New Delhi,4057.0,28.58211449983962,77.0542896039165,4.0,2376
Hospital #316,New Delhi,Delhi,New Delhi,4057.0,28.622234604307785,77.20211482278187,4.6,1184
Hospital #317,New Delhi,Delhi,New Delhi,4057.0,28.71195030318344,77.08451591434624,4.8,211
Hospital #318,New Delhi,Delhi,New Delhi,4057.0,28.59592044042488,77.20781587830874,4.6,259
Hospital #319,Goa,Goa,North Goa,471.0,15.539855014463829,73.81606169363896,4.6,3821
Hospital #320,Goa,Goa,North Goa,471.0,15.4869367744392,73.80885361303832,4.6,1891
Hospital #321,Goa,Goa,North Goa,471.0,15.24990926088459,73.9438872648482,3.5,96
Hospital #322,Goa,Goa,North Goa,471.0,15.455457366298802,73.87004635820894,3.3,263
Hospital #323,Panaji,Goa,North Goa,471.0,15.49807346499611,73.86839451902176,3.3,97
Hospital #324,Ahmedabad,Gujarat,Ahmedabad,890.0,23.079649106855594,72.5500792873676,4.9,14308
Hospital #325,Ahmedabad,Gujarat,Ahmedabad,890.0,23.07440400757925,72.5365173121194,4.7,809
Hospital #326,Ahmedabad,Gujarat,Ahmedabad,890.0,23.06485924728551,72.43963494610364,3.7,118
Hospital #327,Ahmedabad,Gujarat,Ahmedabad,890.0,23.07592755425408,72.55833075811839,4.9,2185
Hospital #328,Ahmedabad,Gujarat,Ahmedabad,890.0,23.025874148142933,72.48533697307552,4.8,643
Hospital #329,Ahmedabad,Gujarat,Ahmedabad,890.0,23.32095295314045,72.74206834489908,4.0,6
Hospital #330,Ahmedabad,Gujarat,Ahmedabad,890.0,23.08222988507628,72.52920773240112,4.0,786
Hospital #331,Ahmedabad,Gujarat,Ahmedabad,890.0,23.03601288177773,72.55198501345258,4.6,2140
Hospital #332,Ahmedabad,Gujarat,Ahmedabad,890.0,22.96398125776446,72.5542802377362,4.5,86
Hospital #333,Ahmedabad,Gujarat,Ahmedabad,890.0,22.897868263086444,72.5852908874071,4.0,34
Hospital #334,Ahmedabad,Gujarat,Ahmedabad,890.0,22.924758414374487,72.7739128727697,3.5,15
Hospital #335,Ahmedabad,Gujarat,Ahmedabad,890.0,23.00612399658383,72.55454749972898,3.3,36
Hospital #336,Ahmedabad,Gujarat,Ahmedabad,890.0,23.02189740248552,72.48658007820075,4.3,37
Hospital #337,Ahmedabad,Gujarat,Ahmedabad,890.0,23.05587605281554,72.52516662292544,3.3,152
Hospital #338,Ahmedabad,Gujarat,Ahmedabad,890.0,22.970669530162468,72.41300920194813,2.8,4
Hospital #339,Ahmedabad,Gujarat,Ahmedabad,890.0,22.9856841516997,72.3654070773435,3.4,131
Hospital #340,Ahmedabad,Gujarat,Ahmedabad,890.0,23.032879868064704,72.46162604404937,4.9,421
Hospital #341,Ahmedabad,Gujarat,Ahmedabad,890.0,22.855865041634587,72.49064249783883,3.2,23
Hospital #342,Ahmedabad,Gujarat,Ahmedabad,890.0,22.982486685716005,72.56308604557563,4.0,170
Hospital #343,Ahmedabad,Gujarat,Ahmedabad,890.0,23.02555890042252,72.55572353467177,4.0,929
Hospital #344,Ahmedabad,Gujarat,Ahmedabad,890.0,23.06120210210039,72.5208190703081,4.7,15476
Hospital #345,Ahmedabad,Gujarat,Ahmedabad,890.0,22.8919357148336,72.61199263905405,3.4,8
Hospital #346,Ahmedabad,Gujarat,Ahmedabad,890.0,23.04420661649496,72.62180359407058,4.9,338
Hospital #347,Ahmedabad,Gujarat,Ahmedabad,890.0,23.00357348424928,72.56592027492262,4.1,74
Hospital #348,Ahmedabad,Gujarat,Ahmedabad,890.0,23.056398833612967,72.55054920917718,4.8,994
Hospital #349,Ahmedabad,Gujarat,Ahmedabad,890.0,23.06046276824837,72.62004661308265,4.8,2422
Hospital #350,Ahmedabad,Gujarat,Ahmedabad,890.0,22.979552047637497,72.54023328196327,4.3,979
Hospital #351,Ahmedabad,Gujarat,Ahmedabad,890.0,23.001934110277908,72.55930427015569,4.8,92
Hospital #352,Ahmedabad,Gujarat,Ahmedabad,890.0,23.046872499726103,72.57266049863645,4.8,4666
Hospital #353,Ahmedabad,Gujarat,Ahmedabad,890.0,23.04668281872774,72.59839865760324,4.4,114
Hospital #354,Ahmedabad,Gujarat,Ahmedabad,890.0,23.05010551129228,72.50417956423595,4.6,1182
Hospital #355,Ahmedabad,Gujarat,Ahmedabad,890.0,23.08334062159065,72.55540752501688,4.2,201
Hospital #356,Ahmedabad,Gujarat,Ahmedabad,890.0,23.07748785836944,72.62939859539321,4.2,201
Hospital #357,Ahmedabad,Gujarat,Ahmedabad,890.0,23.072293231400707,72.51189269991654,3.2,212
Hospital #358,Ahmedabad,Gujarat,Ahmedabad,890.0,23.051997128727805,72.49207762606906,4.8,813
Hospital #359,Ahmedabad,Gujarat,Ahmedabad,890.0,23.025760266473668,72.48040024632168,4.5,256
Hospital #360,Ahmedabad,Gujarat,Ahmedabad,890.0,23.08673476552389,72.53831649564736,5.0,1448
Hospital #361,Ahmedabad,Gujarat,Ahmedabad,890.0,23.053274374840843,72.50832678077123,4.8,749
Hospital #362,Ahmedabad,Gujarat,Ahmedabad,890.0,22.999584935007327,72.67998106318723,3.8,9
Hospital #363,Ahmedabad,Gujarat,Ahmedabad,890.0,22.962253875144427,72.54433382787587,4.0,78
Hospital #364,Ahmedabad,Gujarat,Ahmedabad,890.0,23.04067880554406,72.5849449515115,4.3,165
Hospital #365,Ahmedabad,Gujarat,Ahmedabad,890.0,23.02481970055028,72.52681646011473,4.9,714
Hospital #366,Ahmedabad,Gujarat,Ahmedabad,890.0,23.07841002214814,72.58514867992643,3.2,511
Hospital #367,Ahmedabad,Gujarat,Ahmedabad,890.0,23.079873435441776,72.57922056301288,4.0,24
Hospital #368,Ahmedabad,Gujarat,Ahmedabad,890.0,23.07050279424132,72.54618676838277,4.5,128
Hospital #369,Ahmedabad,Gujarat,Ahmedabad,890.0,23.008809068844737,72.62193383853486,4.7,304
Hospital #370,Ahmedabad,Gujarat,Ahmedabad,890.0,23.07558112681605,72.49522985577528,4.8,150
Hospital #371,Ahmedabad,Gujarat,Ahmedabad,890.0,23.039480683978848,72.6018403817732,4.5,3346
Hospital #372,Ahmedabad,Gujarat,Ahmedabad,890.0,23.029986869247807,72.56002295994999,4.8,8249
Hospital #373,Ahmedabad,Gujarat,Ahmedabad,890.0,23.022421522236527,72.67497843659359,4.6,151
Hospital #374,Ahmedabad,Gujarat,Ahmedabad,890.0,23.04874968270052,72.53829912136558,4.7,2015
Hospital #375,Ahmedabad,Gujarat,Ahmedabad,890.0,23.019277279673936,72.43361041843656,4.7,24
Hospital #376,Ahmedabad,Gujarat,Ahmedabad,890.0,23.07882646698868,72.48964331882236,4.1,229
Hospital #377,Ahmedabad,Gujarat,Ahmedabad,890.0,23.074108478408057,72.57340054557511,4.1,9
Hospital #378,Ahmedabad,Gujarat,Ahmedabad,890.0,23.123032033939523,72.6298079719026,4.1,229
Hospital #379,Ahmedabad,Gujarat,Ahmedabad,890.0,23.13412814606549,72.667158827271,3.5,25
Hospital #380,Ahmedabad,Gujarat,Ahmedabad,890.0,23.113863509160687,72.65328378373975,3.7,146
Hospital #381,Ahmedabad,Gujarat,Ahmedabad,890.0,23.09215635912572,72.56510291270743,4.6,288
Hospital #382,Ahmedabad,Gujarat,Ahmedabad,890.0,23.148456989063085,72.55336244352166,4.4,175
Hospital #383,Ahmedabad,Gujarat,Ahmedabad,890.0,23.0437062376444,72.52996008159803,3.2,7
Hospital #384,Ahmedabad,Gujarat,Ahmedabad,890.0,23.15465903786804,72.5774776057083,4.5,1898
Hospital #385,Ahmedabad,Gujarat,Ahmedabad,890.0,23.38316203413121,72.57670767519969,4.1,17
Hospital #386,Ahmedabad,Gujarat,Ahmedabad,890.0,23.130007422560617,72.49076939906223,4.9,22428
Hospital #387,Ahmedabad,Gujarat,Ahmedabad,890.0,22.894245547081866,72.52977260378952,5.0,4
Hospital #388,Ahmedabad,Gujarat,Ahmedabad,890.0,23.06837027354184,72.52163853340724,4.7,212
Hospital #389,Ahmedabad,Gujarat,Ahmedabad,890.0,22.968368245142376,72.5615506805059,3.1,106
Hospital #390,Ahmedabad,Gujarat,Ahmedabad,890.0,23.00978118039316,72.60215854717062,4.8,4021
Hospital #391,Ahmedabad,Gujarat,Ahmedabad,890.0,23.044842470215325,72.51583113898299,4.7,9955
Hospital #392,Ahmedabad,Gujarat,Ahmedabad,890.0,23.001649255694627,72.60450709175744,4.9,222
Hospital #393,Ahmedabad,Gujarat,Ahmedabad,890.0,23.240815150948613,72.26233003514164,3.1,25
Hospital #394,Ahmedabad,Gujarat,Ahmedabad,890.0,23.034734081819863,72.83735167873414,5.0,1
Hospital #395,Ahmedabad,Gujarat,Ahmedabad,890.0,23.049435930993287,72.64962732192407,4.8,859
Hospital #396,Ahmedabad,Gujarat,Ahmedabad,890.0,21.72661837243966,72.98556017002022,4.1,229
Hospital #397,Ahmedabad,Gujarat,Ahmedabad,890.0,21.73096726322847,72.98631756240692,3.9,533
Hospital #398,Bharuch,Gujarat,Bharuch,238.0,21.714467946918266,72.97564769115877,4.6,602
Hospital #399,Gandhi Nagar,Gujarat,Gandhinagar,660.0,23.259157877617888,72.57183445271966,4.0,60
Hospital #400,Gandhi Nagar,Gujarat,Gandhinagar,660.0,23.26418337256831,72.6641061741955,4.7,1394
Hospital #401,Gandhi Nagar,Gujarat,Gandhinagar,660.0,23.09055656681784,72.62309860687824,4.1,152
Hospital #402,Himmatnagar,Gujarat,Sabarkantha,328.0,23.6030625,72.9537429,4.6,33
Hospital #403,Rajkot,Gujarat,Rajkot,282.0,22.24762959069031,70.79685609941178,3.2,81
Hospital #404,Rajkot,Gujarat,Rajkot,282.0,22.308844262769018,70.74075271087798,3.9,131
Hospital #405,Surat,Gujarat,Surat,953.0,21.14560245756215,72.80147209235906,4.1,229
Hospital #406,Surat,Gujarat,Surat,953.0,21.16876279936525,72.78298358141942,4.9,175
Hospital #407,Surat,Gujarat,Surat,953.0,21.192436865268125,72.79879069581428,4.4,1059
Hospital #408,Surat,Gujarat,Surat,953.0,21.223009517237983,72.8199492987477,4.8,28618
Hospital #409,Surat,Gujarat,Surat,953.0,21.17681195225679,72.81839638615327,4.2,1071
Hospital #410,Vadodara,Gujarat,Vadodara,467.0,22.37235888324804,73.27383095139997,4.0,72
Hospital #411,Vadodara,Gujarat,Vadodara,467.0,22.36709082184361,73.1943041205088,3.8,18
Hospital #412,Vadodara,Gujarat,Vadodara,467.0,22.31054695290041,73.21034683345164,3.4,36
Hospital #413,Vadodara,Gujarat,Vadodara,467.0,22.319119834955067,73.17936043301016,4.2,45
Hospital #414,Vadodara,Gujarat,Vadodara,467.0,22.299769099292995,73.13628228923855,4.8,327
Hospital #415,Vadodara,Gujarat,Vadodara,467.0,22.30695177379402,73.20279006583928,4.5,351
Hospital #416,Vadodara,Gujarat,Vadodara,467.0,22.2179781537514,73.18034346616962,4.2,416
Hospital #417,Vadodara,Gujarat,Vadodara,467.0,22.31116336616703,73.15645198144364,2.2,7
Hospital #418,Vadodara,Gujarat,Vadodara,467.0,22.2684100774042,73.22167952887007,4.0,70
Hospital #419,Vadodara,Gujarat,Vadodara,467.0,22.32947590041657,73.1902844084087,4.1,229
Hospital #420,Vadodara,Gujarat,Vadodara,467.0,22.353531398011285,73.19035229893609,4.4,269
Hospital #421,Vadodara,Gujarat,Vadodara,467.0,22.282709380013426,73.13913601757496,4.3,73
Hospital #422,Vadodara,Gujarat,Vadodara,467.0,22.341319795131888,73.16486045686065,4.3,860
Hospital #423,Vadodara,Gujarat,Vadodara,467.0,22.3858836084772,73.33801930343628,3.4,5
Hospital #424,Vadodara,Gujarat,Vadodara,467.0,22.29229684320097,73.19423446796306,4.7,167
Hospital #425,Vadodara,Gujarat,Vadodara,467.0,22.315741619985847,73.14423720251371,4.6,224
Hospital #426,Vadodara,Gujarat,Vadodara,467.0,22.29458251210274,73.13476556740743,4.4,245
Hospital #427,Vadodara,Gujarat,Vadodara,467.0,22.29056238008227,73.22465254302166,4.1,229
Hospital #428,Vadodara,Gujarat,Vadodara,467.0,22.2971066724281,73.20038620924564,4.4,70
Hospital #429,Vadodara,Gujarat,Vadodara,467.0,22.32204283036648,73.16905441529951,4.9,103
Hospital #430,Vadodara,Gujarat,Vadodara,467.0,22.30557139525122,73.17657588531978,4.6,116
Hospital #431,Vadodara,Gujarat,Vadodara,467.0,22.288837843640994,73.23189851410969,4.1,229
Hospital #432,Vadodara,Gujarat,Vadodara,467.0,22.311775524454585,73.1965665990823,4.5,99
Hospital #433,Vadodara,Gujarat,Vadodara,467.0,22.343529248741028,73.17049092043553,4.1,229
Hospital #434,Vadodara,Gujarat,Vadodara,467.0,22.39757077516892,73.27445579407038,3.8,69
Hospital #435,Vadodara,Gujarat,Vadodara,467.0,22.32034569878057,73.18932140456602,4.9,3083
Hospital #436,Vadodara,Gujarat,Vadodara,467.0,22.28508380568648,73.16098014425162,4.8,2704
Hospital #437,Vadodara,Gujarat,Vadodara,467.0,22.27513723197277,73.13103485011925,4.9,1747
Hospital #438,Vapi,Gujarat,Valsad,561.0,20.3778125,72.9296179,3.4,96
Hospital #439,Ambala,Haryana,Ambala,722.0,30.37088833736256,76.77739944053413,4.5,251
Hospital #440,Ambala,Haryana,Ambala,722.0,30.625131881855523,76.75820758913693,3.2,87
Hospital #441,Ambala,Haryana,Ambala,722.0,30.38110474295781,76.7681840038947,4.6,586
Hospital #442,Ambala,Haryana,Ambala,722.0,30.369908132454885,76.87509721187764,4.3,235
Hospital #443,Ambala,Haryana,Ambala,722.0,30.53306892772128,76.96468140401593,3.9,194
Hospital #444,Ambala,Haryana,Ambala,722.0,30.39122530662676,76.78093843058943,3.9,98
Hospital #445,Ambala,Haryana,Ambala,722.0,30.516493063591767,77.12487632211106,4.2,46
Hospital #446,Ambala,Haryana,Ambala,722.0,30.420735220855413,76.71776483130611,4.7,4176
Hospital #447,Ambala,Haryana,Ambala,722.0,30.63354304353698,76.88404681309183,4.3,73
Hospital #448,Ambala,Haryana,Ambala,722.0,30.501667798393697,77.25773319658987,2.9,32
Hospital #449,Ambala,Haryana,Ambala,722.0,30.70974427293964,76.39733385862282,4.3,10
Hospital #450,Ambala,Haryana,Ambala,722.0,30.358678648904046,76.83452101614023,3.8,214
Hospital #451,Ambala,Haryana,Ambala,722.0,30.369542579616084,76.71997514161646,4.7,794
Hospital #452,Bahadurgarh,Haryana,Jhajjar,522.0,28.619802992840853,77.43070544146211,2.7,154
Hospital #453,Bahadurgarh,Haryana,Jhajjar,522.0,29.351587492723617,77.15777915616614,4.2,11
Hospital #454,Faridabad,Haryana,Faridabad,2298.0,28.37246051799037,77.3462966657274,4.6,4367
Hospital #455,Faridabad,Haryana,Faridabad,2298.0,28.301099330380737,77.39275474964418,3.2,222
Hospital #456,Faridabad,Haryana,Faridabad,2298.0,28.32468007246486,77.22862791447655,4.3,212
Hospital #457,Faridabad,Haryana,Faridabad,2298.0,28.335881460901987,77.44020022771934,4.1,229
Hospital #458,Faridabad,Haryana,Faridabad,2298.0,28.37313866703269,77.34547719349047,4.5,5261
Hospital #459,Faridabad,Haryana,Faridabad,2298.0,28.642561796896025,77.31716088405858,3.5,131
Hospital #460,Faridabad,Haryana,Faridabad,2298.0,28.419318064418714,77.02098219807672,3.3,83
Hospital #461,Faridabad,Haryana,Faridabad,2298.0,28.39734745729636,77.24962618377893,4.7,5908
Hospital #462,Faridabad,Haryana,Faridabad,2298.0,28.389872894467725,77.35058165588644,4.1,229
Hospital #463,Faridabad,Haryana,Faridabad,2298.0,28.40749922066159,77.29528861647665,4.2,215
Hospital #464,Faridabad,Haryana,Faridabad,2298.0,28.72556728162968,77.46062326129062,3.8,71
Hospital #465,Faridabad,Haryana,Faridabad,2298.0,28.02435665339688,77.32902653223388,3.3,95
Hospital #466,Faridabad,Haryana,Faridabad,2298.0,28.367703092395,77.26912392302896,4.8,1197
Hospital #467,Faridabad,Haryana,Faridabad,2298.0,28.02515735850669,77.06191313434142,3.4,28
Hospital #468,Faridabad,Haryana,Faridabad,2298.0,28.323690998969973,77.27299374450108,4.6,155
Hospital #469,Faridabad,Haryana,Faridabad,2298.0,28.344476413833195,77.37968421602177,4.1,229
Hospital #470,Faridabad,Haryana,Faridabad,2298.0,28.277747769558506,77.26937061006788,3.6,165
Hospital #471,Faridabad,Haryana,Faridabad,2298.0,28.287788373111027,77.13820321935539,4.1,56
Hospital #472,Faridabad,Haryana,Faridabad,2298.0,28.47031346597106,77.13313636824287,4.0,59
Hospital #473,Faridabad,Haryana,Faridabad,2298.0,28.325417555898632,77.27812339621136,3.5,255
Hospital #474,Faridabad,Haryana,Faridabad,2298.0,28.40835672747118,77.32140292028124,3.4,353
Hospital #475,Faridabad,Haryana,Faridabad,2298.0,28.468679386190807,77.26967418184715,4.3,93
Hospital #476,Faridabad,Haryana,Faridabad,2298.0,28.50215116668948,76.96323798852646,5.0,1
Hospital #477,Faridabad,Haryana,Faridabad,2298.0,28.390349218241525,77.28081807503962,4.1,229
Hospital #478,Faridabad,Haryana,Faridabad,2298.0,28.42421565838809,77.27910325935527,4.1,140
Hospital #479,Faridabad,Haryana,Faridabad,2298.0,28.03808030676685,76.97752443939025,3.9,19
Hospital #480,Faridabad,Haryana,Faridabad,2298.0,28.34987647834432,77.34754027334752,4.8,3839
Hospital #481,Faridabad,Haryana,Faridabad,2298.0,28.68853514071722,77.41388825231434,3.4,110
Hospital #482,Faridabad,Haryana,Faridabad,2298.0,28.3721504356129,77.24656420425845,4.6,2308
Hospital #483,Faridabad,Haryana,Faridabad,2298.0,28.390626109775965,77.17371681194153,4.6,128
Hospital #484,Faridabad,Haryana,Faridabad,2298.0,28.50621204662917,77.15865049961798,3.9,21
Hospital #485,Faridabad,Haryana,Faridabad,2298.0,28.432162169676417,77.33970846178376,4.1,229
Hospital #486,Faridabad,Haryana,Faridabad,2298.0,28.50458849598597,77.8529561112569,3.8,9
Hospital #487,Faridabad,Haryana,Faridabad,2298.0,28.475161250074617,77.33104743082856,3.8,25
Hospital #488,Faridabad,Haryana,Faridabad,2298.0,28.47662066227928,77.30931602307422,4.1,539
Hospital #489,Faridabad,Haryana,Faridabad,2298.0,28.38464256739767,77.33451342704153,4.1,98
Hospital #490,Faridabad,Haryana,Faridabad,2298.0,28.47178545850096,77.37914565352906,3.1,264
Hospital #491,Fatehabad,Haryana,Fatehabad,371.0,29.5159375,75.4456179,4.2,14
Hospital #492,Gurgaon,Haryana,Gurugram,1241.0,28.40308666883228,77.08625619715808,4.5,4043
Hospital #493,Gurgaon,Haryana,Gurugram,1241.0,28.50259836099961,77.10397666302651,4.7,1727
Hospital #494,Gurgaon,Haryana,Gurugram,1241.0,28.378236554732883,76.9770239533224,3.4,380
Hospital #495,Gurgaon,Haryana,Gurugram,1241.0,28.04951362887635,77.11108746053037,3.5,59
Hospital #496,Gurgaon,Haryana,Gurugram,1241.0,28.5436628531046,77.11377020142034,3.6,679
Hospital #497,Gurgaon,Haryana,Gurugram,1241.0,28.411620739652165,76.92515535941544,4.1,520
Hospital #498,Gurgaon,Haryana,Gurugram,1241.0,28.394638745761466,76.9863139136491,4.2,288
Hospital #499,Gurgaon,Haryana,Gurugram,1241.0,28.431214312883974,77.06886168635603,4.8,13800
Hospital #500,Gurgaon,Haryana,Gurugram,1241.0,28.769179972961247,77.20082720729647,3.1,207
Hospital #501,Gurgaon,Haryana,Gurugram,1241.0,28.564574411664324,77.1248935985473,4.1,405
Hospital #502,Gurgaon,Haryana,Gurugram,1241.0,28.46450754369051,77.25668636698202,4.3,76
Hospital #503,Gurgaon,Haryana,Gurugram,1241.0,28.29230912306245,77.18289559983388,3.8,49
Hospital #504,Gurgaon,Haryana,Gurugram,1241.0,28.70155775948631,76.86199579210256,3.3,205
Hospital #505,Gurgaon,Haryana,Gurugram,1241.0,28.9357753482874,76.66581257024941,3.5,24
Hospital #506,Gurgaon,Haryana,Gurugram,1241.0,28.444031114849576,76.97283552432293,4.2,331
Hospital #507,Gurgaon,Haryana,Gurugram,1241.0,28.561465377285028,77.03185817238348,4.0,262
Hospital #508,Gurgaon,Haryana,Gurugram,1241.0,28.37750367977259,77.04422831915247,4.5,63
Hospital #509,Gurgaon,Haryana,Gurugram,1241.0,28.40489035354516,76.88977541990167,4.5,498
Hospital #510,Gurgaon,Haryana,Gurugram,1241.0,29.767456000819184,76.92441550937853,4.2,201
Hospital #511,Gurgaon,Haryana,Gurugram,1241.0,29.71158302485209,77.02196446681641,4.2,201
Hospital #512,Gurgaon,Haryana,Gurugram,1241.0,29.5443621909026,77.08033142949567,4.1,229
Hospital #513,Hisar,Haryana,Hisar,438.0,29.702656014991632,76.98406753564839,4.0,262
Hospital #514,Karnal,Haryana,Karnal,598.0,29.698585633066514,76.99892905713183,4.0,262
Hospital #515,Karnal,Haryana,Karnal,598.0,29.35506581691876,76.5183420210934,4.2,13
Hospital #516,Karnal,Haryana,Karnal,598.0,29.79391204598755,77.25964828035008,4.5,34
Hospital #517,Karnal,Haryana,Karnal,598.0,29.74891806611943,76.94630484744856,4.1,229
Hospital #518,Karnal,Haryana,Karnal,598.0,29.7571027846489,76.98115500125506,5.0,2592
Hospital #519,Karnal,Haryana,Karnal,598.0,29.91950381974346,76.84443135524958,4.3,201
Hospital #520,Kurushestra,Haryana,Kurukshetra,630.0,29.99016311259924,76.80399163276284,3.1,42
Hospital #521,Palwal,Haryana,Palwal,761.0,28.09915252266303,77.25067577172467,4.9,5
Hospital #522,Palwal,Haryana,Palwal,761.0,28.156401849544583,77.28938717365476,4.6,184
Hospital #523,Panchkula,Haryana,Panchkula,622.0,30.749767989069326,76.86436915147215,4.6,1191
Hospital #524,Panchkula,Haryana,Panchkula,622.0,30.68396892431413,76.86480685521494,4.1,381
Hospital #525,Panchkula,Haryana,Panchkula,622.0,30.61689554288672,76.83623803233077,4.5,4123
Hospital #526,Panchkula,Haryana,Panchkula,622.0,30.67982185560249,76.79290818034939,4.5,1403
Hospital #527,Panchkula,Haryana,Panchkula,622.0,30.658196987272348,76.93885464241114,4.1,229
Hospital #528,Panchkula,Haryana,Panchkula,622.0,30.708394416388785,76.88270973849717,4.8,7750
Hospital #529,Panipat,Haryana,Panipat,949.0,29.429373675796946,76.9616991806626,4.7,342
Hospital #530,Panipat,Haryana,Panipat,949.0,29.25372722484396,76.55822292817388,2.8,116
Hospital #531,Panipat,Haryana,Panipat,949.0,29.335335722623785,77.00342230281646,4.8,5008
Hospital #532,Panipat,Haryana,Panipat,949.0,29.36865137779209,76.88883929350538,3.6,28
Hospital #533,Rewari,Haryana,Rewari,562.0,28.31673919763772,76.58403408806919,3.6,58
Hospital #534,Rewari,Haryana,Rewari,562.0,28.23373437279,76.67322349029165,4.5,200
Hospital #535,Rewari,Haryana,Rewari,562.0,28.08921602663872,76.52369179045719,3.6,485
Hospital #536,Rewari,Haryana,Rewari,562.0,28.269062370011973,77.19558211797599,3.9,17
Hospital #537,Rohtak,Haryana,Rohtak,607.0,28.91347251103057,76.568252412167,4.4,240
Hospital #538,Rohtak,Haryana,Rohtak,607.0,28.913249854228617,76.66386757174652,4.4,1319
Hospital #539,Sirsa,Haryana,Sirsa,303.0,29.540958327464885,75.0350403944744,4.8,1173
Hospital #540,Sirsa,Haryana,Sirsa,303.0,29.53577616180183,75.01876676788457,4.9,421
Hospital #541,Sohna,Haryana,Gurugram,1241.0,28.21977514197645,77.22727491649943,3.9,44
Hospital #542,Sonepat,Haryana,Sonipat,697.0,29.146156702934483,76.83925105429428,3.3,271
Hospital #543,Yamuna Nagar,Haryana,Yamunanagar,687.0,30.13922041421973,77.29068774306324,4.3,860
Hospital #544,Yamuna Nagar,Haryana,Yamunanagar,687.0,30.07755055244868,77.2730548779594,2.9,69
Hospital #545,Bilaspur,Himachal Pradesh,Bilaspur,327.0,31.90776429964552,76.24205796516709,3.9,7
Hospital #545,Bilaspur,Himachal Pradesh,Bilaspur,460.0,31.90776429964552,76.24205796516709,3.9,7
Hospital #546,Bilaspur,Himachal Pradesh,Bilaspur,327.0,31.85335749473278,76.26593815054605,3.0,166
Hospital #546,Bilaspur,Himachal Pradesh,Bilaspur,460.0,31.85335749473278,76.26593815054605,3.0,166
Hospital #547,Kangra,Himachal Pradesh,Kangra,263.0,31.88362363449093,76.31167452674836,4.6,357
Hospital #548,Mandi,Himachal Pradesh,Mandi,253.0,31.71668148904668,76.91376022566432,4.1,229
Hospital #549,Mandi,Himachal Pradesh,Mandi,253.0,31.7141561474196,76.90588130194783,3.6,48
Hospital #550,Mandi,Himachal Pradesh,Mandi,253.0,31.58155110335648,76.96837641986457,4.7,9
Hospital #551,Solan,Himachal Pradesh,Solan,298.0,31.09281679065972,76.86623216576058,4.0,77
Hospital #552,Solan,Himachal Pradesh,Solan,298.0,30.895813289957385,76.70918471555845,4.2,201
Hospital #553,Solan,Himachal Pradesh,Solan,298.0,30.699964043955628,76.62377918048439,3.7,66
Hospital #554,Jammu,Jammu Kashmir,Jammu,596.0,32.7467508723985,74.91541125641766,3.9,254
Hospital #555,Jammu,Jammu Kashmir,Jammu,596.0,32.715637101441246,74.88537918275482,4.3,500
Hospital #556,Jammu,Jammu Kashmir,Jammu,596.0,32.71019674192368,74.93930217127503,3.0,75
Hospital #557,Jammu,Jammu Kashmir,Jammu,596.0,32.78505164125521,74.84160698981135,3.7,384
Hospital #558,Srinagar,Jammu Kashmir,Srinagar,703.0,34.09055863170966,74.77971997405263,4.8,8032
Hospital #559,Srinagar,Jammu Kashmir,Srinagar,703.0,34.054526260413304,74.85378219393411,3.1,231
Hospital #560,Srinagar,Jammu Kashmir,Srinagar,703.0,32.95175829728466,74.93748468279315,4.7,11630
Hospital #561,Bokaro,Jharkhand,Bokaro,716.0,23.64652210423592,86.18142415425861,2.9,73
Hospital #562,Bokaro,Jharkhand,Bokaro,716.0,23.52330301167917,86.19756225786983,2.4,11
Hospital #563,Bokaro,Jharkhand,Bokaro,716.0,23.62841596234592,86.0308229349536,3.5,16
Hospital #564,Bokaro,Jharkhand,Bokaro,716.0,23.669017215402214,86.1430035053196,2.8,261
Hospital #565,Bokaro,Jharkhand,Bokaro,716.0,23.68132961037488,86.14320699659805,4.2,92
Hospital #566,Bokaro,Jharkhand,Bokaro,716.0,23.787515594152715,86.29837067895713,3.6,7
Hospital #567,Bokaro,Jharkhand,Bokaro,716.0,23.89262979238499,86.27695486517798,4.0,7
Hospital #568,Dhanbad,Jharkhand,Dhanbad,1316.0,23.842395904642945,86.43551293960314,3.7,858
Hospital #569,Dhanbad,Jharkhand,Dhanbad,1316.0,23.80926279055272,86.42394052400931,4.0,1217
Hospital #570,Dhanbad,Jharkhand,Dhanbad,1316.0,23.914165817835645,86.52502462284778,4.1,18
Hospital #571,Bangalore,Karnataka,Bangalore Urban,4378.0,13.046756837301396,77.71709100148644,4.0,1135
Hospital #572,Bangalore,Karnataka,Bangalore Urban,4378.0,12.97940604157257,77.50575444862133,4.0,393
Hospital #573,Bangalore,Karnataka,Bangalore Urban,4378.0,12.9410686686838,77.59187534277692,4.6,4792
Hospital #574,Bangalore,Karnataka,Bangalore Urban,4378.0,12.905889341987582,77.58501369184548,4.7,18633
Hospital #575,Bangalore,Karnataka,Bangalore Urban,4378.0,12.936139080782176,77.51216646865467,4.6,6052
Hospital #576,Bangalore,Karnataka,Bangalore Urban,4378.0,12.844232410562988,77.75928543574783,2.4,6
Hospital #577,Bangalore,Karnataka,Bangalore Urban,4378.0,12.994767576963888,77.59656518657061,4.2,160
Hospital #578,Bangalore,Karnataka,Bangalore Urban,4378.0,12.881071715451135,77.59264380371474,4.1,450
Hospital #579,Bangalore,Karnataka,Bangalore Urban,4378.0,12.974714892915207,77.6158194299276,4.0,627
Hospital #580,Bangalore,Karnataka,Bangalore Urban,4378.0,12.902886938080226,77.48334801610152,4.0,147
Hospital #581,Bangalore,Karnataka,Bangalore Urban,4378.0,12.914202597354354,77.58739227571537,3.8,40
Hospital #582,Bangalore,Karnataka,Bangalore Urban,4378.0,13.01670991994558,77.54461523665779,4.6,2863
Hospital #583,Bangalore,Karnataka,Bangalore Urban,4378.0,13.100772446494954,77.17696996187136,3.4,29
Hospital #584,Bangalore,Karnataka,Bangalore Urban,4378.0,13.174487034447791,77.37899246771727,1.8,8
Hospital #585,Bangalore,Karnataka,Bangalore Urban,4378.0,13.10738275871795,77.60033815273982,4.2,567
Hospital #586,Bangalore,Karnataka,Bangalore Urban,4378.0,13.00045597257516,77.56093670250715,4.3,1967
Hospital #587,Bangalore,Karnataka,Bangalore Urban,4378.0,12.88032427989511,77.59104115918124,4.7,1184
Hospital #588,Bangalore,Karnataka,Bangalore Urban,4378.0,13.290130190425891,77.44054001981473,2.5,243
Hospital #589,Bangalore,Karnataka,Bangalore Urban,4378.0,12.981471324119273,77.65096109141852,3.1,320
Hospital #590,Bangalore,Karnataka,Bangalore Urban,4378.0,13.014054764317684,77.65459627685779,4.1,2374
Hospital #591,Bangalore,Karnataka,Bangalore Urban,4378.0,12.884942938676332,77.2509507981793,3.7,7
Hospital #592,Bangalore,Karnataka,Bangalore Urban,4378.0,13.160907858158756,77.78545724434717,4.0,161
Hospital #593,Bangalore,Karnataka,Bangalore Urban,4378.0,12.935006082228892,77.52523049309876,4.1,778
Hospital #594,Bangalore,Karnataka,Bangalore Urban,4378.0,12.963487874610893,77.59812899904522,4.4,323
Hospital #595,Bangalore,Karnataka,Bangalore Urban,4378.0,12.882817447474014,77.5238099092259,2.9,99
Hospital #596,Bangalore,Karnataka,Bangalore Urban,4378.0,13.6061875,77.5117429,3.2,115
Hospital #597,Bangalore,Karnataka,Bangalore Urban,4378.0,12.919302780393092,77.57895830430616,4.8,7920
Hospital #598,Bangalore,Karnataka,Bangalore Urban,4378.0,13.00196954476299,77.59351337612341,4.5,2109
Hospital #599,Bangalore,Karnataka,Bangalore Urban,4378.0,12.956747109106292,77.73993642677011,4.6,18995
Hospital #600,Bangalore,Karnataka,Bangalore Urban,4378.0,12.85847279046925,77.53544835845739,4.3,281
Hospital #601,Bangalore,Karnataka,Bangalore Urban,4378.0,12.943815099497282,77.57990255874675,4.0,132
Hospital #602,Bangalore,Karnataka,Bangalore Urban,4378.0,13.068784206540013,77.62674147391122,4.4,662
Hospital #603,Bangalore,Karnataka,Bangalore Urban,4378.0,12.982039927820438,77.61748572097096,4.1,229
Hospital #604,Bangalore,Karnataka,Bangalore Urban,4378.0,13.057891555463868,77.57841570600155,4.4,1315
Hospital #605,Bangalore,Karnataka,Bangalore Urban,4378.0,12.970024663382253,77.5913734463696,4.3,1367
Hospital #606,Bangalore,Karnataka,Bangalore Urban,4378.0,13.10313048164914,77.67387741055921,4.8,124
Hospital #607,Bangalore,Karnataka,Bangalore Urban,4378.0,13.14128466659276,77.57335498576317,4.3,283
Hospital #608,Bangalore,Karnataka,Bangalore Urban,4378.0,12.901903982745672,77.60182655401017,4.2,1759
Hospital #609,Bangalore,Karnataka,Bangalore Urban,4378.0,12.910838473905166,77.63585215997043,4.5,11764
Hospital #610,Bangalore,Karnataka,Bangalore Urban,4378.0,13.00640857371953,77.55315842126029,4.1,943
Hospital #611,Bangalore,Karnataka,Bangalore Urban,4378.0,13.1143881779992,77.54372856883349,3.9,1176
Hospital #612,Bangalore,Karnataka,Bangalore Urban,4378.0,13.107863478109524,77.62891473429013,3.0,57
Hospital #613,Bangalore,Karnataka,Bangalore Urban,4378.0,13.01308814114044,77.52111569586584,4.7,1785
Hospital #614,Bangalore,Karnataka,Bangalore Urban,4378.0,12.922576042344204,77.53954630218468,4.7,5215
Hospital #615,Bangalore,Karnataka,Bangalore Urban,4378.0,13.096699856590728,77.57217001786016,4.6,1810
Hospital #616,Bangalore,Karnataka,Bangalore Urban,4378.0,12.97065537484738,77.59124273261762,3.7,725
Hospital #617,Bangalore,Karnataka,Bangalore Urban,4378.0,13.007531620379892,77.50940092747689,4.2,201
Hospital #618,Bangalore,Karnataka,Bangalore Urban,4378.0,13.034130842503323,77.53672918961644,4.5,4337
Hospital #619,Bangalore,Karnataka,Bangalore Urban,4378.0,13.106888363943575,77.58252498707398,3.6,54
Hospital #620,Bangalore,Karnataka,Bangalore Urban,4378.0,13.111724352061024,77.53528237923315,4.1,175
Hospital #621,Bangalore,Karnataka,Bangalore Urban,4378.0,13.003438626515376,77.5255203144611,4.2,466
Hospital #622,Bangalore,Karnataka,Bangalore Urban,4378.0,13.23647435542561,77.57532415013375,4.9,2
Hospital #623,Bangalore,Karnataka,Bangalore Urban,4378.0,13.075908146041565,77.57947555311395,4.4,1208
Hospital #624,Bangalore,Karnataka,Bangalore Urban,4378.0,12.991685536194698,77.53164672881918,4.3,1141
Hospital #625,Bangalore,Karnataka,Bangalore Urban,4378.0,12.971732349902716,77.53164150900064,4.4,972
Hospital #626,Bangalore,Karnataka,Bangalore Urban,4378.0,12.876044596879314,77.49950706079221,4.1,1878
Hospital #627,Bangalore,Karnataka,Bangalore Urban,4378.0,12.864023191387323,77.56950116892168,4.3,458
Hospital #628,Bangalore,Karnataka,Bangalore Urban,4378.0,13.299094245688494,77.58676781051778,2.3,103
Hospital #629,Bangalore,Karnataka,Bangalore Urban,4378.0,13.005271459458456,77.51672749675302,3.6,138
Hospital #630,Bangalore,Karnataka,Bangalore Urban,4378.0,12.951842726205196,77.564985056222,3.7,803
Hospital #631,Bangalore,Karnataka,Bangalore Urban,4378.0,13.10484677113222,77.63496995510036,4.3,1916
Hospital #632,Bangalore,Karnataka,Bangalore Urban,4378.0,13.074050496619368,77.52227221380977,3.2,52
Hospital #633,Bangalore,Karnataka,Bangalore Urban,4378.0,13.141557588761042,77.41768807427127,3.3,100
Hospital #634,Bangalore,Karnataka,Bangalore Urban,4378.0,12.883129897672884,77.5653589576294,3.9,32
Hospital #635,Bangalore,Karnataka,Bangalore Urban,4378.0,12.972940424685394,77.46493653265198,3.7,312
Hospital #636,Bangalore,Karnataka,Bangalore Urban,4378.0,12.885146677899453,77.56281074131496,4.4,3492
Hospital #637,Bangalore,Karnataka,Bangalore Urban,4378.0,13.422217410103922,76.96587446743592,5.0,1
Hospital #638,Bangalore,Karnataka,Bangalore Urban,4378.0,13.020456784155908,77.53965773480333,4.5,2018
Hospital #639,Bangalore,Karnataka,Bangalore Urban,4378.0,13.025107431290015,77.53416028172161,4.0,83
Hospital #640,Bangalore,Karnataka,Bangalore Urban,4378.0,13.03028858649864,77.72833149739044,4.7,4761
Hospital #641,Bangalore,Karnataka,Bangalore Urban,4378.0,12.935584113645632,77.55628141124491,3.3,354
Hospital #642,Bangalore,Karnataka,Bangalore Urban,4378.0,13.003067364301188,77.59067916510429,3.7,608
Hospital #643,Bangalore,Karnataka,Bangalore Urban,4378.0,12.909734456403983,77.53986321965647,4.2,348
Hospital #644,Bangalore,Karnataka,Bangalore Urban,4378.0,12.983282855572243,77.51674280400029,4.5,361
Hospital #645,Bangalore,Karnataka,Bangalore Urban,4378.0,13.06352103983728,77.61390968927057,3.2,212
Hospital #646,Bangalore,Karnataka,Bangalore Urban,4378.0,12.81031590959694,77.52103639359397,3.3,78
Hospital #647,Bangalore,Karnataka,Bangalore Urban,4378.0,12.94712566624372,77.47140945742623,4.1,726
Hospital #648,Bangalore,Karnataka,Bangalore Urban,4378.0,13.100134551511374,77.59597775017167,4.0,622
Hospital #649,Bangalore,Karnataka,Bangalore Urban,4378.0,13.050231299551069,77.45975267150979,5.0,1
Hospital #650,Bangalore,Karnataka,Bangalore Urban,4378.0,12.92275464173397,77.64429634943592,4.1,182
Hospital #651,Bangalore,Karnataka,Bangalore Urban,4378.0,12.943647221411515,77.58509198939475,4.1,229
Hospital #652,Bangalore,Karnataka,Bangalore Urban,4378.0,12.966301949794811,77.57453360705397,4.7,675
Hospital #653,Bangalore,Karnataka,Bangalore Urban,4378.0,13.028805691447165,77.54797923945392,4.7,11513
Hospital #654,Bangalore,Karnataka,Bangalore Urban,4378.0,12.92050729078388,77.67865138948342,4.5,570
Hospital #655,Bangalore,Karnataka,Bangalore Urban,4378.0,13.416770025390225,77.7788969029762,5.0,1
Hospital #656,Bangalore,Karnataka,Bangalore Urban,4378.0,13.01308195749894,77.59458685089746,3.8,92
Hospital #657,Bangalore,Karnataka,Bangalore Urban,4378.0,12.976096745656816,77.41021226213999,3.6,146
Hospital #658,Bangalore,Karnataka,Bangalore Urban,4378.0,13.119888437135334,77.62572267770796,3.9,79
Hospital #659,Bangalore,Karnataka,Bangalore Urban,4378.0,12.709497815101637,77.75256476530511,5.0,3
Hospital #660,Bangalore,Karnataka,Bangalore Urban,4378.0,13.13933178102825,77.49829437318878,4.5,98
Hospital #661,Bangalore,Karnataka,Bangalore Urban,4378.0,12.821968578881162,77.56614800989304,4.1,419
Hospital #662,Bangalore,Karnataka,Bangalore Urban,4378.0,12.959756223256004,77.58747789590501,4.1,1019
Hospital #663,Bangalore,Karnataka,Bangalore Urban,4378.0,12.612641662778003,77.4552808795245,4.4,23
Hospital #664,Bangalore,Karnataka,Bangalore Urban,4378.0,13.248930561329846,77.45155216292432,2.7,71
Hospital #665,Bangalore,Karnataka,Bangalore Urban,4378.0,12.880629332639764,77.66537627600358,3.0,122
Hospital #666,Bangalore,Karnataka,Bangalore Urban,4378.0,12.97121431749668,77.59922742026103,3.7,837
Hospital #667,Bangalore,Karnataka,Bangalore Urban,4378.0,13.062203320876897,77.53635255121053,4.7,8150
Hospital #668,Bangalore,Karnataka,Bangalore Urban,4378.0,13.045104304094576,77.5152201319507,4.9,1848
Hospital #669,Bangalore,Karnataka,Bangalore Urban,4378.0,12.873869359670962,77.60526059141601,3.6,1660
Hospital #670,Bangalore,Karnataka,Bangalore Urban,4378.0,12.755360033566973,77.47257977075759,2.8,93
Hospital #671,Bangalore,Karnataka,Bangalore Urban,4378.0,12.9802416700614,77.64029242487854,4.6,1762
Hospital #672,Bangalore,Karnataka,Bangalore Urban,4378.0,12.953532638884322,77.63580384676152,4.0,351
Hospital #673,Bangalore,Karnataka,Bangalore Urban,4378.0,12.927924676297696,77.58662527443889,2.8,220
Hospital #674,Bangalore,Karnataka,Bangalore Urban,4378.0,12.919006885489694,77.5371703700785,2.9,627
Hospital #675,Bangalore,Karnataka,Bangalore Urban,4378.0,13.071043822828845,77.3747108848718,3.6,148
Hospital #676,Bangalore,Karnataka,Bangalore Urban,4378.0,12.956546537188403,77.58081588551823,4.1,229
Hospital #677,Bangalore,Karnataka,Bangalore Urban,4378.0,12.997437451015273,77.66688334504428,4.2,285
Hospital #678,Bangalore,Karnataka,Bangalore Urban,4378.0,12.903138201193196,77.56794528063563,4.6,8018
Hospital #679,Bangalore,Karnataka,Bangalore Urban,4378.0,12.963674179947247,77.53821432816517,4.5,2027
Hospital #680,Bangalore,Karnataka,Bangalore Urban,4378.0,12.777715189766884,77.64017133979617,4.3,1227
Hospital #681,Bangalore,Karnataka,Bangalore Urban,4378.0,12.941465916131255,77.53915147239711,3.5,25
Hospital #682,Bangalore,Karnataka,Bangalore Urban,4378.0,12.975900193825218,77.53090095158656,4.1,664
Hospital #683,Bangalore,Karnataka,Bangalore Urban,4378.0,12.920440553982946,77.65964177076147,3.1,96
Hospital #684,Bangalore,Karnataka,Bangalore Urban,4378.0,13.024353217922208,77.57098777997983,4.1,229
Hospital #685,Bangalore,Karnataka,Bangalore Urban,4378.0,12.98236396225838,77.62236263181538,3.7,697
Hospital #686,Bangalore,Karnataka,Bangalore Urban,4378.0,12.93435516249776,77.57503643711597,4.7,10360
Hospital #687,Bangalore,Karnataka,Bangalore Urban,4378.0,12.889743218915644,77.60052611897048,4.7,19353
Hospital #688,Bangalore,Karnataka,Bangalore Urban,4378.0,12.999995441471544,77.66582646199944,4.7,1894
Hospital #689,Bangalore,Karnataka,Bangalore Urban,4378.0,12.967047828749449,77.23994206142572,2.1,230
Hospital #690,Bangalore,Karnataka,Bangalore Urban,4378.0,12.972605069351168,77.65521367564268,4.3,881
Hospital #691,Bangalore,Karnataka,Bangalore Urban,4378.0,12.883926822112048,77.82422153641713,3.5,47
Hospital #692,Bangalore,Karnataka,Bangalore Urban,4378.0,12.85544369341919,77.46414071594282,4.0,147
Hospital #693,Bangalore,Karnataka,Bangalore Urban,4378.0,12.953628434150405,77.59647759611677,3.9,198
Hospital #694,Bangalore,Karnataka,Bangalore Urban,4378.0,12.961860987698142,77.59589224388979,4.4,129
Hospital #695,Bangalore,Karnataka,Bangalore Urban,4378.0,12.975224728980134,77.50174134561743,3.9,644
Hospital #696,Bangalore,Karnataka,Bangalore Urban,4378.0,12.920186818961458,77.61469759843405,4.4,2044
Hospital #697,Bangalore,Karnataka,Bangalore Urban,4378.0,12.790313224436533,77.63896898077061,3.3,297
Hospital #698,Bangalore,Karnataka,Bangalore Urban,4378.0,12.884621102833076,77.6644990360843,3.2,690
Hospital #699,Bangalore,Karnataka,Bangalore Urban,4378.0,12.877186717253927,77.65580611402108,4.6,759
Hospital #700,Bangalore,Karnataka,Bangalore Urban,4378.0,12.900428179299569,77.62984058637569,4.5,570
Hospital #701,Bangalore,Karnataka,Bangalore Urban,4378.0,12.758706370965854,77.45562903451611,3.0,85
Hospital #702,Bangalore,Karnataka,Bangalore Urban,4378.0,13.235218332599144,77.41380074326744,3.5,8
Hospital #703,Bangalore,Karnataka,Bangalore Urban,4378.0,12.920751480128551,77.56989427380074,4.2,951
Hospital #704,Bangalore,Karnataka,Bangalore Urban,4378.0,13.04478759753653,77.47741173652571,4.6,2239
Hospital #705,Bangalore,Karnataka,Bangalore Urban,4378.0,13.036191223768022,77.64216581547967,4.4,6565
Hospital #706,Bangalore,Karnataka,Bangalore Urban,4378.0,12.92542064542626,77.45577774534075,3.1,126
Hospital #707,Bangalore,Karnataka,Bangalore Urban,4378.0,12.900667920129584,77.56979399913598,3.5,585
Hospital #708,Bangalore,Karnataka,Bangalore Urban,4378.0,13.198855872233576,77.72058426351543,3.8,210
Hospital #709,Bangalore,Karnataka,Bangalore Urban,4378.0,13.001005732013638,77.60764767412508,4.1,229
Hospital #710,Bangalore,Karnataka,Bangalore Urban,4378.0,13.154559991346751,77.41378315385805,4.2,33
Hospital #711,Bangalore,Karnataka,Bangalore Urban,4378.0,12.91881159430849,77.77565935839918,3.9,85
Hospital #712,Bangalore,Karnataka,Bangalore Urban,4378.0,12.881854523215411,77.77207818683017,3.2,67
Hospital #713,Bangalore,Karnataka,Bangalore Urban,4378.0,12.895493567737756,77.56243173814318,4.8,8332
Hospital #714,Bangalore,Karnataka,Bangalore Urban,4378.0,13.11100438177747,77.58833708487532,3.7,258
Hospital #715,Bangalore,Karnataka,Bangalore Urban,4378.0,12.93500566744184,77.43563474817077,4.1,726
Hospital #716,Bangalore,Karnataka,Bangalore Urban,4378.0,12.986219501625644,77.59861385970997,4.6,5144
Hospital #717,Bangalore,Karnataka,Bangalore Urban,4378.0,13.051090307517663,77.60153039291568,3.6,412
Hospital #718,Bangalore,Karnataka,Bangalore Urban,4378.0,12.941987867271216,77.53242409130989,4.7,705
Hospital #719,Bangalore,Karnataka,Bangalore Urban,4378.0,12.904250096191422,77.52252700154986,4.0,495
Hospital #720,Bangalore,Karnataka,Bangalore Urban,4378.0,12.923373918670263,77.57233800891568,4.0,766
Hospital #721,Bangalore,Karnataka,Bangalore Urban,4378.0,12.904383919841855,77.54194691668599,4.0,161
Hospital #722,Bangalore,Karnataka,Bangalore Urban,4378.0,12.975663978723135,77.64127365033967,3.6,1150
Hospital #723,Bangalore,Karnataka,Bangalore Urban,4378.0,12.968144904279873,77.57236018446247,4.1,315
Hospital #724,Bangalore,Karnataka,Bangalore Urban,4378.0,12.94829490759458,77.70129519735754,3.5,642
Hospital #725,Bangalore,Karnataka,Bangalore Urban,4378.0,12.998025485617472,77.57741813642723,3.3,257
Hospital #726,Bangalore,Karnataka,Bangalore Urban,4378.0,13.047179668627653,77.50515930059213,4.6,1263
Hospital #727,Bangalore,Karnataka,Bangalore Urban,4378.0,13.148112675681611,77.66358509864897,4.9,112
Hospital #728,Bangalore,Karnataka,Bangalore Urban,4378.0,12.950477177996902,77.596309979732,4.6,4792
Hospital #729,Bangalore,Karnataka,Bangalore Urban,4378.0,12.9295593437005,77.5798308316968,4.8,13479
Hospital #730,Bangalore,Karnataka,Bangalore Urban,4378.0,13.009618620702684,77.7490141894578,3.7,945
Hospital #731,Bangalore,Karnataka,Bangalore Urban,4378.0,13.11703099583298,77.55524170101673,4.3,177
Hospital #732,Bangalore,Karnataka,Bangalore Urban,4378.0,13.070366497109596,77.63499534436495,4.9,112
Hospital #733,Bangalore,Karnataka,Bangalore Urban,4378.0,12.989062154817052,77.61144745209475,3.5,361
Hospital #734,Bangalore,Karnataka,Bangalore Urban,4378.0,12.790553834788348,77.74478548626313,4.0,935
Hospital #735,Bangalore,Karnataka,Bangalore Urban,4378.0,12.879732951019244,77.80008514507756,3.1,1
Hospital #736,Bangalore,Karnataka,Bangalore Urban,4378.0,13.062479287325022,77.49269692638154,4.4,3513
Hospital #737,Bangalore,Karnataka,Bangalore Urban,4378.0,13.039523668381555,77.59489178537974,4.6,237
Hospital #738,Bangalore,Karnataka,Bangalore Urban,4378.0,12.951044699104102,77.49789256539788,4.6,2545
Hospital #739,Bangalore,Karnataka,Bangalore Urban,4378.0,12.875720696183368,77.55361755044058,4.1,163
Hospital #740,Bangalore,Karnataka,Bangalore Urban,4378.0,12.901991208845176,77.64332480749766,4.2,152
Hospital #741,Bangalore,Karnataka,Bangalore Urban,4378.0,12.930100576496834,77.5712739644582,3.6,96
Hospital #742,Bantwal,Karnataka,Dakshina Kannada,457.0,12.8824375,75.0293679,3.2,69
Hospital #743,Belgaum,Karnataka,Belagavi,356.0,15.807735607473784,74.4835070168695,3.2,71
Hospital #744,Belgaum,Karnataka,Belagavi,356.0,15.83004341479483,74.45806784156946,4.9,86
Hospital #745,Belgaum,Karnataka,Belagavi,356.0,15.89990076055294,74.52043658829152,3.7,1056
Hospital #746,Belgaum,Karnataka,Belagavi,356.0,15.881096481925113,74.50990080427631,3.3,36
Hospital #747,Belguam,Karnataka,Belagavi,356.0,15.964695927151348,74.66785224993042,2.4,7
Hospital #748,Belguam,Karnataka,Belagavi,356.0,15.838880369756364,74.44394026267648,3.4,65
Hospital #749,Belguam,Karnataka,Belagavi,356.0,15.891205553221472,74.53343902417686,3.3,75
Hospital #750,Belguam,Karnataka,Belagavi,356.0,15.817625473238792,74.46590410051631,4.2,414
Hospital #751,Belguam,Karnataka,Belagavi,356.0,15.859749763611456,74.47147293850554,4.7,159
Hospital #752,Bellary,Karnataka,Ballari,330.0,15.1963125,76.6563679,3.7,232
Hospital #753,Bellary,Karnataka,Ballari,330.0,15.165595699377093,76.90985433199886,2.9,6
Hospital #754,Bellary,Karnataka,Ballari,330.0,15.157700796786235,76.92753919306739,4.3,218
Hospital #755,Bidar,Karnataka,Bidar,312.0,18.02614448941741,77.53332959828977,3.1,46
Hospital #756,Bidar,Karnataka,Bidar,312.0,17.888160094021423,77.47798735655226,3.8,189
Hospital #757,Bidar,Karnataka,Bidar,312.0,17.895762934257082,77.47536947326455,3.8,129
Hospital #758,Bijapur,Karnataka,Bijapur,207.0,16.819660319566342,75.69712815970877,3.9,110
Hospital #758,Bijapur,Karnataka,Bijapur,35.0,16.819660319566342,75.69712815970877,3.9,110
Hospital #759,Bijapur,Karnataka,Bijapur,207.0,16.816205281349582,75.72203292774856,3.9,193
Hospital #759,Bijapur,Karnataka,Bijapur,35.0,16.816205281349582,75.72203292774856,3.9,193
Hospital #760,Bijapur,Karnataka,Bijapur,207.0,16.83864478177399,75.60299989795568,3.5,35
Hospital #760,Bijapur,Karnataka,Bijapur,35.0,16.83864478177399,75.60299989795568,3.5,35
Hospital #761,Bijapur,Karnataka,Bijapur,207.0,12.80754281466761,77.37452482313164,3.4,36
Hospital #761,Bijapur,Karnataka,Bijapur,35.0,12.80754281466761,77.37452482313164,3.4,36
Hospital #762,Binaga,Karnataka,Uttara Kannada,132.0,12.952795950731904,77.58217820049379,3.6,300
Hospital #763,Chamrajnagar,Karnataka,Chamarajanagar,200.0,13.308232046903097,75.72224842119125,3.2,82
Hospital #764,Chickmangalore,Karnataka,Chikmagalur,158.0,13.322904315779049,75.76248674705275,4.8,298
Hospital #765,Chickmangalore,Karnataka,Chikmagalur,158.0,13.5569375,76.0099929,3.8,10
Hospital #766,Chikmagalaur,Karnataka,Chikmagalur,158.0,13.35583379963619,75.78446281626849,3.5,113
Hospital #767,Chikmagalaur,Karnataka,Chikmagalur,158.0,13.372062405607585,75.78025426263785,4.2,159
Hospital #768,Chikmaglur,Karnataka,Chikmagalur,158.0,13.3373591408599,75.77503150615682,4.5,2044
Hospital #769,Chitradurga,Karnataka,Chitradurga,197.0,14.212330554835807,76.38672402964353,3.8,3
Hospital #770,Chitradurga,Karnataka,Chitradurga,197.0,14.229574625972315,76.39483036187912,4.4,77
Hospital #771,Chitradurga,Karnataka,Chitradurga,197.0,14.470031145980553,75.91042526104344,4.5,11
Hospital #772,Davangere,Karnataka,Davanagere,370.0,14.470570030807623,75.9097332913068,3.1,280
Hospital #773,Davangere,Karnataka,Davanagere,370.0,14.457043607824271,75.91450496940834,4.8,2338
Hospital #774,Davangere,Karnataka,Davanagere,370.0,14.442734769079536,75.92043887089106,4.4,67
Hospital #775,Davangere,Karnataka,Davanagere,370.0,15.426953574623486,74.901842749446,3.5,24
Hospital #776,Dharwad,Karnataka,Dharwad,434.0,15.450476184839076,75.04064130034695,3.4,158
Hospital #777,Dharwad,Karnataka,Dharwad,434.0,15.311929997220428,74.94823925611263,3.1,9
Hospital #778,Dharwad,Karnataka,Dharwad,434.0,15.417304991666274,75.03993740466142,4.1,3019
Hospital #779,Dharwad,Karnataka,Dharwad,434.0,15.500472836290498,75.05123694659294,3.5,68
Hospital #780,Gokak,Karnataka,Belagavi,356.0,16.1649375,74.8423679,4.1,38
Hospital #781,Gulbarga,Karnataka,Kalaburagi,233.0,17.313327861185165,76.73168222375446,3.6,4
Hospital #782,Gulbarga,Karnataka,Kalaburagi,233.0,17.33189930494152,76.720015466826,3.3,70
Hospital #783,Gulbarga,Karnataka,Kalaburagi,233.0,17.360200466749568,76.87300777065141,3.1,68
Hospital #784,Gulbarga,Karnataka,Kalaburagi,233.0,17.296018711376064,76.87183445935476,4.4,21
Hospital #785,Hassan,Karnataka,Hassan,261.0,12.998843502758614,76.11251709288238,3.2,83
Hospital #786,Hassan,Karnataka,Hassan,261.0,12.99803987845578,76.11407986240005,4.0,523
Hospital #787,Hassan,Karnataka,Hassan,261.0,12.329620125653877,76.61015017706552,4.1,314
Hospital #788,Hassan,Karnataka,Hassan,261.0,12.339591970983143,76.62749884166985,4.1,229
Hospital #789,Hassan,Karnataka,Hassan,261.0,12.27655176680632,76.62383072707738,4.1,229
Hospital #790,Hassan,Karnataka,Hassan,261.0,12.327784888690523,76.60479606021205,4.1,229
Hospital #791,Hassan,Karnataka,Hassan,261.0,12.337353919582291,76.64981419267659,4.1,229
Hospital #792,Hassan,Karnataka,Hassan,261.0,12.36847980511483,76.5993733535464,4.1,229
Hospital #793,Hospet,Karnataka,Vijayanagara,240.0,12.294569666287227,76.60547620307467,4.1,229
Hospital #794,Hospet,Karnataka,Vijayanagara,240.0,12.346314293316702,76.61147310639795,4.1,229
Hospital #795,Hubli,Karnataka,Dharwad,434.0,12.392366135310809,76.56103565234697,4.0,262
Hospital #796,Hubli,Karnataka,Dharwad,434.0,12.28222014838432,76.54719353228938,4.1,229
Hospital #797,Hubli,Karnataka,Dharwad,434.0,12.329088931439756,76.61747536555184,4.2,201
Hospital #798,Hubli,Karnataka,Dharwad,434.0,12.342462981893426,76.59794936360005,4.1,229
Hospital #799,Hubli,Karnataka,Dharwad,434.0,12.33910657640019,76.60249329585771,4.0,262
Hospital #800,Hubli,Karnataka,Dharwad,434.0,12.334256164644906,76.60496294977484,4.2,201
Hospital #801,Hubli,Karnataka,Dharwad,434.0,12.357020142428087,76.6433949468675,4.2,201
Hospital #802,Hubli,Karnataka,Dharwad,434.0,12.34586687822221,76.66107991484293,4.1,229
Hospital #803,Hubli,Karnataka,Dharwad,434.0,12.396324831539314,76.56783956545144,4.1,229
Hospital #804,Hubli,Karnataka,Dharwad,434.0,12.313399346632677,76.60598227910106,4.1,229
Hospital #805,Hubli,Karnataka,Dharwad,434.0,12.27622616125374,76.60353123588219,4.1,229
Hospital #806,Hubli,Karnataka,Dharwad,434.0,12.270737202778797,76.61030618592527,4.2,201
Hospital #807,Hubli,Karnataka,Dharwad,434.0,12.321851990357263,76.59207500546171,4.1,229
Hospital #808,Hubli,Karnataka,Dharwad,434.0,12.306395600408273,76.63091588582418,4.0,262
Hospital #809,Karwar,Karnataka,Uttara Kannada,132.0,12.329296709654187,76.61407092699001,4.2,201
Hospital #810,Kolar,Karnataka,Kolar,384.0,12.390552893207865,76.64811645705005,4.1,229
Hospital #811,Kolar,Karnataka,Kolar,384.0,12.287473247828707,76.58741800204467,4.0,262
Hospital #812,Kolar,Karnataka,Kolar,384.0,12.365658635056729,76.56989423603129,4.1,229
Hospital #813,Kolar,Karnataka,Kolar,384.0,12.336047829812737,76.61047984870541,4.1,229
Hospital #814,Koppal,Karnataka,Koppal,250.0,12.347291694773844,76.59377173745965,4.1,229
Hospital #815,Kundapur,Karnataka,Udupi,304.0,12.409523311502962,76.47327992875624,3.7,74
Hospital #816,Madikeri,Karnataka,Kodagu,135.0,12.311173484872398,76.67877551722196,3.8,66
Hospital #817,Mandya,Karnataka,Mandya,365.0,12.280116086164,76.6798500338608,3.8,66
Hospital #818,Mandya,Karnataka,Mandya,365.0,12.333152718198283,76.61370980105409,3.8,66
Hospital #819,Mandya,Karnataka,Mandya,365.0,12.30630578089488,76.64213280796423,3.8,66
Hospital #820,Mandya,Karnataka,Mandya,365.0,12.46474048990784,76.60581701986257,3.8,66
Hospital #821,Mandya,Karnataka,Mandya,365.0,12.31441558512688,76.61381179462224,3.9,59
Hospital #822,Mangalore,Karnataka,Dakshina Kannada,457.0,12.330578560367226,76.61216364563933,3.8,66
Hospital #823,Mangalore,Karnataka,Dakshina Kannada,457.0,12.362683531083512,76.56401877144046,3.8,66
Hospital #824,Mangalore,Karnataka,Dakshina Kannada,457.0,12.451215673705018,76.56096179243514,3.8,66
Hospital #825,Mangalore,Karnataka,Dakshina Kannada,457.0,12.382178601565808,76.68688675795494,3.8,66
Hospital #826,Mangalore,Karnataka,Dakshina Kannada,457.0,12.351332734075957,76.60555246095363,3.8,66
Hospital #827,Mangalore,Karnataka,Dakshina Kannada,457.0,12.396833137239184,76.5969529347587,3.8,66
Hospital #828,Mangalore,Karnataka,Dakshina Kannada,457.0,12.409821726836835,76.61441112713219,3.9,59
Hospital #829,Mangalore,Karnataka,Dakshina Kannada,457.0,12.297367422346024,76.55522320638262,3.8,66
Hospital #830,Mangalore,Karnataka,Dakshina Kannada,457.0,12.44406664333956,76.64070180683859,3.8,66
Hospital #831,Mangalore,Karnataka,Dakshina Kannada,457.0,12.363418024684036,76.7437946204157,3.7,74
Hospital #832,Mangalore,Karnataka,Dakshina Kannada,457.0,12.436867700418617,76.66028595517005,3.8,66
Hospital #833,Mysore,Karnataka,Mysore,437.0,12.302788506415222,76.62748010619595,4.1,229
Hospital #834,Mysore,Karnataka,Mysore,437.0,12.261996154424796,76.71227358756306,5.0,13
Hospital #835,Mysore,Karnataka,Mysore,437.0,12.331028514907494,76.61825090211936,3.6,57
Hospital #836,Mysore,Karnataka,Mysore,437.0,12.292436203056536,76.60813234331044,4.9,35058
Hospital #837,Mysore,Karnataka,Mysore,437.0,12.287245773353687,76.64229510679789,4.1,1123
Hospital #838,Mysore,Karnataka,Mysore,437.0,12.358326707444604,76.60377606033859,4.8,1464
Hospital #839,Mysore,Karnataka,Mysore,437.0,12.341412414104468,76.66153396706306,4.7,6991
Hospital #840,Mysore,Karnataka,Mysore,437.0,12.118735635603212,77.18747838269134,4.4,607
Hospital #841,Mysore,Karnataka,Mysore,437.0,12.10904994900833,77.24356714955155,3.9,530
Hospital #842,Mysore,Karnataka,Mysore,437.0,12.346782138126605,76.62018724040189,3.0,445
Hospital #843,Mysore,Karnataka,Mysore,437.0,12.380600076684118,76.48365475192892,3.8,55
Hospital #844,Mysore,Karnataka,Mysore,437.0,12.355477748299972,76.65758049607504,4.9,31230
Hospital #845,Mysore,Karnataka,Mysore,437.0,12.354476261827418,76.58339980355493,4.3,79
Hospital #846,Mysore,Karnataka,Mysore,437.0,12.369483807427198,76.68195976498679,4.2,201
Hospital #847,Mysore,Karnataka,Mysore,437.0,12.321408753885128,76.64348850768155,4.3,322
Hospital #848,Mysore,Karnataka,Mysore,437.0,12.276375218774334,76.62592062456092,3.4,63
Hospital #849,Mysore,Karnataka,Mysore,437.0,12.30963119436196,76.69678815027336,3.7,65
Hospital #850,Mysore,Karnataka,Mysore,437.0,12.344199007869918,76.62129994874229,2.8,134
Hospital #851,Mysore,Karnataka,Mysore,437.0,12.309055043448875,76.62271820970314,4.7,3196
Hospital #852,Mysore,Karnataka,Mysore,437.0,12.504487741672314,76.48590965476508,5.0,1
Hospital #853,Mysore,Karnataka,Mysore,437.0,12.3209415447024,76.56208418794465,3.3,137
Hospital #854,Mysore,Karnataka,Mysore,437.0,12.315617908244384,76.63807510033331,4.2,879
Hospital #855,Mysore,Karnataka,Mysore,437.0,12.303287973665816,76.58359927170527,4.1,83
Hospital #856,Nanjangud,Karnataka,Mysore,437.0,12.091332895710092,76.67341908663488,4.7,1085
Hospital #857,Nelamangala,Karnataka,Bangalore Rural,441.0,12.88968666869771,77.73634603158223,3.1,24
Hospital #858,Puttur,Karnataka,Dakshina Kannada,457.0,12.907566818736049,77.20793105768053,2.6,14
Hospital #859,Ramanagra,Karnataka,Ramanagara,303.0,12.660620645139216,77.38952862214742,4.5,20
Hospital #860,Ramanagra,Karnataka,Ramanagara,303.0,12.668119442636026,77.2202076957534,4.5,63
Hospital #861,Shimoga,Karnataka,Shimoga,207.0,13.90766385138473,75.64001112810244,3.7,57
Hospital #862,Shimoga,Karnataka,Shimoga,207.0,13.941312084744172,75.56314738256172,4.9,598
Hospital #863,Shimoga,Karnataka,Shimoga,207.0,13.980096495392344,75.58089845263396,2.8,47
Hospital #864,Shimoga,Karnataka,Shimoga,207.0,13.975282187088506,75.60557025641153,3.6,43
Hospital #865,Shimoga,Karnataka,Shimoga,207.0,13.934021189260648,75.53601461093137,4.0,1199
Hospital #866,Shimoga,Karnataka,Shimoga,207.0,13.93043000255982,75.58734214700264,4.3,497
Hospital #867,Sirsi,Karnataka,Uttara Kannada,132.0,13.31997152858553,77.31773715001036,3.1,36
Hospital #868,Tirthahalli,Karnataka,Shimoga,207.0,13.322481043054829,77.2153410466762,3.6,46
Hospital #869,Tumkur,Karnataka,Tumakuru,253.0,13.267582121698377,77.20402735198041,4.2,113
Hospital #870,Tumkur,Karnataka,Tumakuru,253.0,13.186509205822723,77.33521828484264,4.3,24
Hospital #871,Tumkur,Karnataka,Tumakuru,253.0,13.331417561328632,77.0857286976763,4.2,76
Hospital #872,Tumkur,Karnataka,Tumakuru,253.0,13.436027759605103,76.9528371039641,4.1,28
Hospital #873,Tumkur,Karnataka,Tumakuru,253.0,13.285402659460807,77.52818171796147,3.4,25
Hospital #874,Tumkur,Karnataka,Tumakuru,253.0,13.35204803902591,77.09327528064684,4.8,803
Hospital #875,Tumkur,Karnataka,Tumakuru,253.0,13.176865275069268,77.11754671247367,3.4,78
Hospital #876,Tumkur,Karnataka,Tumakuru,253.0,13.416630983581229,77.2180029687588,2.5,19
Hospital #877,Tumkur,Karnataka,Tumakuru,253.0,13.34581331772252,77.0910034183427,4.6,1043
Hospital #878,Tumkur,Karnataka,Tumakuru,253.0,13.32997624352653,77.10967924741448,3.9,1052
Hospital #879,Tumkur,Karnataka,Tumakuru,253.0,13.284520740184185,77.10917447405885,4.3,126
Hospital #880,Tumkur,Karnataka,Tumakuru,253.0,13.184871206198292,77.0535061172157,3.6,50
Hospital #881,Tumkur,Karnataka,Tumakuru,253.0,13.500820341376876,77.04769382180025,4.0,51
Hospital #882,Tumkur,Karnataka,Tumakuru,253.0,13.226835107172043,76.99399022474705,3.0,123
Hospital #883,Tumkur,Karnataka,Tumakuru,253.0,13.312494058669934,77.06876140441919,4.2,406
Hospital #884,Tumkur,Karnataka,Tumakuru,253.0,13.11417549707264,76.98245302366583,4.8,17
Hospital #885,Tumkur,Karnataka,Tumakuru,253.0,13.399081452627382,77.06827608346433,4.1,229
Hospital #886,Tumkur,Karnataka,Tumakuru,253.0,13.371292732341526,76.92496088320827,3.0,117
Hospital #887,Tumkur,Karnataka,Tumakuru,253.0,13.459517355329549,74.82298914400914,3.2,14
Hospital #888,Udupi,Karnataka,Udupi,304.0,13.339984228385202,74.73518908285436,4.4,4563
Hospital #889,Udupi,Karnataka,Udupi,304.0,13.325330605593788,74.79396401634729,3.9,183
Hospital #890,Udupi,Karnataka,Udupi,304.0,13.346375170012047,74.74207851090681,4.4,1518
Hospital #891,Udupi,Karnataka,Udupi,304.0,13.366330196420115,74.80003526723878,3.8,1410
Hospital #892,Udupi,Karnataka,Udupi,304.0,13.59385259476641,74.72929059351252,3.7,111
Hospital #893,Udupi,Karnataka,Udupi,304.0,13.544978450606528,74.75424242262473,3.4,81
Hospital #894,Aluva,Kerala,Ernakulam,1069.0,10.143637297164226,76.33714675238404,3.5,226
Hospital #895,Calicut,Kerala,Kozhikode,1318.0,11.269232568530123,75.8010129334061,3.8,700
Hospital #896,Calicut,Kerala,Kozhikode,1318.0,11.295793499845937,75.75263735916548,4.0,880
Hospital #897,Calicut,Kerala,Kozhikode,1318.0,11.308123496575403,75.73322010067014,4.5,4031
Hospital #898,Calicut,Kerala,Kozhikode,1318.0,11.159071591535833,75.75507274869692,3.2,345
Hospital #899,Cochin,Kerala,Ernakulam,1069.0,9.860993739569423,76.30681448208351,4.0,511
Hospital #900,Ernakulam,Kerala,Ernakulam,1069.0,9.981123766416282,76.05433715570408,3.6,40
Hospital #901,Ernakulam,Kerala,Ernakulam,1069.0,9.930732691601044,76.29976558000696,4.5,6400
Hospital #902,Ernakulam,Kerala,Ernakulam,1069.0,9.986482669711757,76.68633809934971,3.6,171
Hospital #903,Ernakulam,Kerala,Ernakulam,1069.0,10.067187120345132,76.2838724625585,4.6,596
Hospital #904,Ernakulam,Kerala,Ernakulam,1069.0,9.983084165991627,76.28303897951525,4.1,400
Hospital #905,Kannur,Kerala,Kannur,852.0,11.748600075599168,75.46117393516099,3.2,586
Hospital #906,Kannur,Kerala,Kannur,852.0,11.886147801851765,75.36204316261723,2.8,47
Hospital #907,Kannur,Kerala,Kannur,852.0,11.874927538268206,75.37499722445015,2.7,534
Hospital #908,Kannur,Kerala,Kannur,852.0,11.747139506157112,75.4960615126785,3.8,693
Hospital #909,Kochi,Kerala,Ernakulam,1069.0,10.00559617356269,76.30825310855215,4.5,204
Hospital #910,Kochi,Kerala,Ernakulam,1069.0,9.95229350976266,76.2696519780753,4.6,1719
Hospital #911,Kochi,Kerala,Ernakulam,1069.0,9.913934780442595,76.29929354171897,3.6,203
Hospital #912,Kochi,Kerala,Ernakulam,1069.0,10.105759061435435,76.35913420110677,4.8,12712
Hospital #913,Kochi,Kerala,Ernakulam,1069.0,9.980753869000887,76.3157607470087,4.3,524
Hospital #914,Kochi,Kerala,Ernakulam,1069.0,10.00272967346951,76.32570549690651,4.3,301
Hospital #915,Kochi,Kerala,Ernakulam,1069.0,9.952821102821986,76.28290002413173,4.0,873
Hospital #916,Kochi,Kerala,Ernakulam,1069.0,9.95623973622482,76.23772957152632,3.6,2345
Hospital #917,Kochi,Kerala,Ernakulam,1069.0,9.988406510805834,76.27841358078203,3.7,133
Hospital #918,Kochi,Kerala,Ernakulam,1069.0,10.024066784574774,76.33031205762664,4.6,6027
Hospital #919,Kollam,Kerala,Kollam,1056.0,8.913481757653823,76.57833790545682,3.8,420
Hospital #920,Kollam,Kerala,Kollam,1056.0,8.875204976408082,76.67866145038705,3.9,1059
Hospital #921,Kollam,Kerala,Kollam,1056.0,8.887123493430128,76.59795514573622,3.4,189
Hospital #922,Kottayam,Kerala,Kottayam,896.0,9.649847192184982,76.59588433652772,4.1,556
Hospital #923,Kottayam,Kerala,Kottayam,896.0,9.660247009113778,76.53406248250802,4.2,1120
Hospital #924,Kozhikode,Kerala,Kozhikode,1318.0,11.2886540403555,75.87298358613451,4.3,537
Hospital #925,Kozhikode,Kerala,Kozhikode,1318.0,10.981968384636437,76.2194612478965,4.3,2914
Hospital #926,Kozhikode,Kerala,Kozhikode,1318.0,11.000323006543043,76.21966073068546,4.1,229
Hospital #927,Mallapuram,Kerala,Malappuram,1058.0,10.952574202136612,76.19874760967548,4.0,1154
Hospital #928,Manjeri,Kerala,Malappuram,1058.0,10.86657092421856,76.88196429864622,3.1,366
Hospital #929,Palakkad,Kerala,Palakkad,627.0,10.788629331685463,76.84297135741961,4.4,217
Hospital #930,"Thiruvananthap
Uram",Kerala,Thiruvananthapuram,1509.0,8.490507809064002,76.91981486951667,4.1,1787
Hospital #931,Thrissur,Kerala,Thrissur,1026.0,10.208060151025194,76.23783213279125,4.3,464
Hospital #932,Trichur,Kerala,Thrissur,1026.0,10.559485068139097,76.226030699602,4.5,3573
Hospital #933,Trichur,Kerala,Thrissur,1026.0,10.50764470271325,76.26726551431236,4.4,377
Hospital #934,Trichur,Kerala,Thrissur,1026.0,10.278269040748048,76.1947674402361,4.8,2381
Hospital #935,Trivandrum,Kerala,Thiruvananthapuram,1509.0,8.523066791219872,76.90942569707528,4.4,4415
Hospital #936,Trivandrum,Kerala,Thiruvananthapuram,1509.0,8.498742415211737,76.9412037517113,4.4,154
Hospital #937,Wayanand,Kerala,Wayanad,383.0,11.6301875,76.0863679,3.6,87
Hospital #938,Bhopal,Madhya Pradesh,Bhopal,854.0,23.227098471475827,77.42617526954207,4.8,11854
Hospital #939,Bhopal,Madhya Pradesh,Bhopal,854.0,23.20941716731705,77.42105582741034,3.9,1836
Hospital #940,Bhopal,Madhya Pradesh,Bhopal,854.0,23.195734063632475,77.50956076526035,3.6,47
Hospital #941,Bhopal,Madhya Pradesh,Bhopal,854.0,23.17576812726866,77.3994586214263,4.8,741
Hospital #942,Bhopal,Madhya Pradesh,Bhopal,854.0,22.982647306562267,77.57247436236386,3.7,20
Hospital #943,Bhopal,Madhya Pradesh,Bhopal,854.0,23.24411072752535,77.49394040309232,3.9,173
Hospital #944,Bhopal,Madhya Pradesh,Bhopal,854.0,23.184388812446954,77.473515471801,4.4,812
Hospital #945,Gwalior,Madhya Pradesh,Gwalior,445.0,26.21800922633197,78.1676913779338,4.7,6457
Hospital #946,Gwalior,Madhya Pradesh,Gwalior,445.0,26.213609074094403,78.23355349432602,3.6,758
Hospital #947,Gwalior,Madhya Pradesh,Gwalior,445.0,23.02934707330413,75.91971318102517,3.3,6
Hospital #948,Indore,Madhya Pradesh,Indore,839.0,22.76065847974608,75.8802589257836,4.7,3467
Hospital #949,Indore,Madhya Pradesh,Indore,839.0,22.79616582686868,75.90893679354781,3.1,1367
Hospital #950,Indore,Madhya Pradesh,Indore,839.0,22.767698907938456,76.0134059550918,2.5,155
Hospital #951,Indore,Madhya Pradesh,Indore,839.0,22.80598990681115,75.85203655203381,4.5,18
Hospital #952,Indore,Madhya Pradesh,Indore,839.0,22.69300371464159,75.88139111376037,4.1,333
Hospital #953,Indore,Madhya Pradesh,Indore,839.0,22.69770792926405,75.87171386851769,4.3,1877
Hospital #954,Indore,Madhya Pradesh,Indore,839.0,22.74063938292208,75.88015084115632,4.4,4684
Hospital #955,Indore,Madhya Pradesh,Indore,839.0,22.81205883954461,75.78063417548525,3.2,118
Hospital #956,Indore,Madhya Pradesh,Indore,839.0,22.730575402232475,75.8784330646295,4.0,586
Hospital #957,Indore,Madhya Pradesh,Indore,839.0,22.729130800341544,75.88214353859502,3.1,204
Hospital #958,Indore,Madhya Pradesh,Indore,839.0,22.73325513962379,75.87494146144014,4.1,185
Hospital #959,Indore,Madhya Pradesh,Indore,839.0,22.694796594668688,75.80739838342708,3.6,425
Hospital #960,Indore,Madhya Pradesh,Indore,839.0,22.760185538551305,75.91212717808382,4.4,856
Hospital #961,Indore,Madhya Pradesh,Indore,839.0,22.70384254160774,75.84900435733022,3.0,183
Hospital #962,Indore,Madhya Pradesh,Indore,839.0,22.695231744254777,75.87248695081817,4.6,657
Hospital #963,Indore,Madhya Pradesh,Indore,839.0,22.76215700112669,75.81778580328113,4.1,164
Hospital #964,Indore,Madhya Pradesh,Indore,839.0,22.72343755926016,75.88045519652357,4.5,339
Hospital #965,Indore,Madhya Pradesh,Indore,839.0,22.731857678884325,75.84073717017012,4.6,543
Hospital #966,Indore,Madhya Pradesh,Indore,839.0,22.72993442003992,75.87361156529359,4.7,11456
Hospital #967,Indore,Madhya Pradesh,Indore,839.0,22.74652556130002,75.88056905675276,4.2,332
Hospital #968,Indore,Madhya Pradesh,Indore,839.0,22.670915162467203,75.70231091506106,3.0,77
Hospital #969,Indore,Madhya Pradesh,Indore,839.0,22.740919822782967,75.8906915132828,4.6,1599
Hospital #970,Jabalpur,Madhya Pradesh,Jabalpur,472.0,23.20544366208953,79.90623684312186,2.8,15
Hospital #971,Jabalpur,Madhya Pradesh,Jabalpur,472.0,23.182067565988547,79.91960613869841,4.0,405
Hospital #972,Mandsaur,Madhya Pradesh,Mandsaur,242.0,24.070077410977586,75.07033987369041,4.5,38
Hospital #973,Shahdol,Madhya Pradesh,Shahdol,172.0,24.040154138662352,75.06219746309941,4.6,130
Hospital #974,Ujjain,Madhya Pradesh,Ujjain,356.0,24.068102767189977,75.07458157692875,4.6,35
Hospital #975,Ujjain,Madhya Pradesh,Ujjain,356.0,23.1760625,75.7896179,3.9,38
Hospital #976,Ahmednagar,Maharashtra,Ahmednagar,266.0,19.0786946087674,74.679751103436,2.9,181
Hospital #977,Ahmednagar,Maharashtra,Ahmednagar,266.0,19.090072535825435,74.74389910272996,4.0,70
Hospital #978,Aurangabad,Maharashtra,Aurangabad,365.0,19.86770671065629,75.34775135167888,3.9,111
Hospital #978,Aurangabad,Maharashtra,Aurangabad,760.0,19.86770671065629,75.34775135167888,3.9,111
Hospital #979,Aurangabad,Maharashtra,Aurangabad,365.0,19.8827418669699,75.3296524106201,3.8,277
Hospital #979,Aurangabad,Maharashtra,Aurangabad,760.0,19.8827418669699,75.3296524106201,3.8,277
Hospital #980,Aurangabad,Maharashtra,Aurangabad,365.0,19.88629126603536,75.34276064636272,4.3,118
Hospital #980,Aurangabad,Maharashtra,Aurangabad,760.0,19.88629126603536,75.34276064636272,4.3,118
Hospital #981,Baramati,Maharashtra,Pune,603.0,20.88296599237917,74.75947172398253,4.0,262
Hospital #982,Dhule,Maharashtra,Dhule,285.0,20.890009567545803,74.7597281151202,4.9,3
Hospital #983,Jalgaon,Maharashtra,Jalgaon,359.0,21.00486854395596,75.55123304298957,4.1,229
Hospital #984,Jalgaon,Maharashtra,Jalgaon,359.0,20.98778473512703,75.56260894914072,3.6,46
Hospital #985,Jalna,Maharashtra,Jalna,255.0,19.862321613916087,75.86364756188284,4.1,88
Hospital #986,Jalna,Maharashtra,Jalna,255.0,19.8447677281804,75.87005864883629,4.8,120
Hospital #987,Kalyan,Maharashtra,Thane,1915.0,19.18948125244138,73.20755151495683,4.1,229
Hospital #988,Kalyan,Maharashtra,Thane,1915.0,19.240671280825087,73.14382859978629,4.0,222
Hospital #989,Kalyan,Maharashtra,Thane,1915.0,19.035143502771668,73.14748168021637,3.2,73
Hospital #990,Kalyan,Maharashtra,Thane,1915.0,19.23439665077861,73.21336025955794,4.1,229
Hospital #991,Kalyan,Maharashtra,Thane,1915.0,19.27364864055938,73.1533837505317,3.0,1
Hospital #992,Kalyan,Maharashtra,Thane,1915.0,19.298404582096403,73.33632206161725,3.2,51
Hospital #993,Kalyan,Maharashtra,Thane,1915.0,19.25706370631968,73.09165055630992,4.1,183
Hospital #994,Kalyan,Maharashtra,Thane,1915.0,19.07890166452253,73.274808213495,3.5,40
Hospital #995,Kalyan,Maharashtra,Thane,1915.0,19.238430016542143,73.13310747349686,3.4,109
Hospital #996,Kalyan,Maharashtra,Thane,1915.0,19.21999605452024,73.14288200176745,4.1,141
Hospital #997,Kalyan,Maharashtra,Thane,1915.0,19.244172002404763,73.18056996935076,4.9,17
Hospital #998,Kalyan,Maharashtra,Thane,1915.0,18.8522510212888,73.20135262000052,3.4,18
Hospital #999,Kalyan,Maharashtra,Thane,1915.0,19.20793934671053,73.09054764231408,4.3,92
Hospital #1000,Kamothe,Maharashtra,Raigad,368.0,19.18519607434419,72.78297490218684,4.1,229
Hospital #1001,Kolhapur,Maharashtra,Kolhapur,504.0,19.167837546574624,72.8593751802304,4.1,229
Hospital #1002,Kolhapur,Maharashtra,Kolhapur,504.0,19.07715573647554,72.81293560261689,4.0,262
Hospital #1003,Mumbai,Maharashtra,Mumbai City,20036.0,19.1392229006186,72.83033881524179,3.5,2699
Hospital #1004,Mumbai,Maharashtra,Mumbai City,20036.0,18.969199584795067,72.80394248796404,4.1,115
Hospital #1005,Mumbai,Maharashtra,Mumbai City,20036.0,19.14735734183374,72.84592370512233,4.6,4506
Hospital #1006,Mumbai,Maharashtra,Mumbai City,20036.0,19.11227810199968,72.8297009585738,4.4,869
Hospital #1007,Mumbai,Maharashtra,Mumbai City,20036.0,19.42891248411227,72.53507939118688,3.1,29
Hospital #1008,Mumbai,Maharashtra,Mumbai City,20036.0,18.970030220048923,72.86006019660661,3.9,1087
Hospital #1009,Mumbai,Maharashtra,Mumbai City,20036.0,19.04482213398836,72.83725090320641,4.9,4775
Hospital #1010,Mumbai,Maharashtra,Mumbai City,20036.0,18.92582980192656,73.01286746464015,3.1,150
Hospital #1011,Mumbai,Maharashtra,Mumbai City,20036.0,19.20578007454021,72.88063113367507,4.3,1629
Hospital #1012,Mumbai,Maharashtra,Mumbai City,20036.0,19.154007665101524,72.9196138688673,4.7,6
Hospital #1013,Mumbai,Maharashtra,Mumbai City,20036.0,19.1809708157152,72.81819664650813,4.7,1071
Hospital #1014,Mumbai,Maharashtra,Mumbai City,20036.0,19.053578488083986,72.90799158484764,4.4,2405
Hospital #1015,Mumbai,Maharashtra,Mumbai City,20036.0,19.292609452323333,72.77030513037634,4.3,76
Hospital #1016,Mumbai,Maharashtra,Mumbai City,20036.0,19.4003434275019,73.0165508685489,3.6,58
Hospital #1017,Mumbai,Maharashtra,Mumbai City,20036.0,19.06690795030809,72.97379226950987,4.1,934
Hospital #1018,Mumbai,Maharashtra,Mumbai City,20036.0,19.07399940310532,72.96605899916315,4.2,201
Hospital #1019,Mumbai,Maharashtra,Mumbai City,20036.0,19.021335096710555,72.96190765128428,4.1,1
Hospital #1020,Mumbai,Maharashtra,Mumbai City,20036.0,18.99386437209984,72.81419978503598,4.1,947
Hospital #1021,Mumbai,Maharashtra,Mumbai City,20036.0,19.167097253806325,72.81870405694971,4.5,566
Hospital #1022,Mumbai,Maharashtra,Mumbai City,20036.0,19.143758907361725,72.83812325877155,4.5,324
Hospital #1023,Mumbai,Maharashtra,Mumbai City,20036.0,19.34835945694512,72.82783776055132,4.6,35
Hospital #1024,Mumbai,Maharashtra,Mumbai City,20036.0,19.05184838059139,72.93083193104106,4.3,1552
Hospital #1025,Mumbai,Maharashtra,Mumbai City,20036.0,19.095946284383373,72.87357055247729,4.7,4199
Hospital #1026,Mumbai,Maharashtra,Mumbai City,20036.0,19.1320118253522,72.85410189469235,4.2,2266
Hospital #1027,Mumbai,Maharashtra,Mumbai City,20036.0,19.067588221704465,72.87975253297371,4.6,225
Hospital #1028,Mumbai,Maharashtra,Mumbai City,20036.0,19.14930725174937,72.94234492483868,4.8,2968
Hospital #1029,Mumbai,Maharashtra,Mumbai City,20036.0,19.272001741399645,72.86072948204234,3.7,426
Hospital #1030,Mumbai,Maharashtra,Mumbai City,20036.0,19.12594317694204,72.93476457831449,3.9,828
Hospital #1031,Mumbai,Maharashtra,Mumbai City,20036.0,19.20110574202965,72.8766903742111,4.7,258
Hospital #1032,Mumbai,Maharashtra,Mumbai City,20036.0,19.1001222574526,73.00813297651983,3.6,33
Hospital #1033,Mumbai,Maharashtra,Mumbai City,20036.0,19.235304461195447,72.997435059288,3.9,739
Hospital #1034,Mumbai,Maharashtra,Mumbai City,20036.0,19.2475180769642,72.93569440163789,4.1,845
Hospital #1035,Mumbai,Maharashtra,Mumbai City,20036.0,19.177279279639613,72.92269008154825,4.6,8730
Hospital #1036,Mumbai,Maharashtra,Mumbai City,20036.0,19.22962699560143,73.11341917926826,4.7,4879
Hospital #1037,Mumbai,Maharashtra,Mumbai City,20036.0,19.060059331725533,72.8478215122633,4.7,699
Hospital #1038,Mumbai,Maharashtra,Mumbai City,20036.0,19.11595863150075,72.67599753597281,4.5,21
Hospital #1039,Mumbai,Maharashtra,Mumbai City,20036.0,19.607297031463823,72.83799637829509,3.5,161
Hospital #1040,Mumbai,Maharashtra,Mumbai City,20036.0,19.138312193251643,72.73081776862773,4.3,111
Hospital #1041,Mumbai,Maharashtra,Mumbai City,20036.0,19.13037183743206,72.99875631682863,4.0,82
Hospital #1042,Mumbai,Maharashtra,Mumbai City,20036.0,19.21008860343672,72.97014513993362,4.6,124
Hospital #1043,Mumbai,Maharashtra,Mumbai City,20036.0,19.191160926266303,73.10091256538762,5.0,5
Hospital #1044,Mumbai,Maharashtra,Mumbai City,20036.0,19.215075389394244,72.98569981897643,4.1,845
Hospital #1045,Mumbai,Maharashtra,Mumbai City,20036.0,19.031265694856543,73.01963494575801,4.7,20442
Hospital #1046,Mumbai,Maharashtra,Mumbai City,20036.0,19.052701339797977,72.85590944987412,4.5,3103
Hospital #1047,Mumbai,Maharashtra,Mumbai City,20036.0,19.34450318975223,73.13859347068811,3.0,74
Hospital #1048,Mumbai,Maharashtra,Mumbai City,20036.0,19.260056866020395,72.79243694050585,3.5,370
Hospital #1049,Mumbai,Maharashtra,Mumbai City,20036.0,19.203093164294604,72.85872581785148,4.6,4063
Hospital #1050,Mumbai,Maharashtra,Mumbai City,20036.0,19.2000990137659,72.81765178512863,3.8,520
Hospital #1051,Mumbai,Maharashtra,Mumbai City,20036.0,19.159955949315403,72.92127338209531,4.4,127
Hospital #1052,Mumbai,Maharashtra,Mumbai City,20036.0,19.173323875560804,72.80198918881445,4.1,1230
Hospital #1053,Mumbai,Maharashtra,Mumbai City,20036.0,19.21193153740638,72.83668524338766,4.6,407
Hospital #1054,Mumbai,Maharashtra,Mumbai City,20036.0,19.12244838786714,72.86229758750439,4.8,2968
Hospital #1055,Mumbai,Maharashtra,Mumbai City,20036.0,19.12398342928716,72.83895502265224,4.1,125
Hospital #1056,Mumbai,Maharashtra,Mumbai City,20036.0,19.21493992329504,72.90478061563465,4.6,1940
Hospital #1057,Mumbai,Maharashtra,Mumbai City,20036.0,18.96467245268607,72.811184265241,4.7,4388
Hospital #1058,Mumbai,Maharashtra,Mumbai City,20036.0,19.162654441643763,72.94838753413353,4.5,106
Hospital #1059,Mumbai,Maharashtra,Mumbai City,20036.0,19.1485879333131,72.76727158654926,2.5,60
Hospital #1060,Mumbai,Maharashtra,Mumbai City,20036.0,19.112926346285857,72.87606223703169,3.8,258
Hospital #1061,Mumbai,Maharashtra,Mumbai City,20036.0,19.180064114983963,72.90975788541502,4.3,142
Hospital #1062,Mumbai,Maharashtra,Mumbai City,20036.0,19.146312015235747,72.84786755916815,4.6,4506
Hospital #1063,Mumbai,Maharashtra,Mumbai City,20036.0,19.25968517186742,72.93143097942816,3.8,105
Hospital #1064,Mumbai,Maharashtra,Mumbai City,20036.0,19.022885259161583,72.8120863730391,4.3,353
Hospital #1065,Mumbai,Maharashtra,Mumbai City,20036.0,19.042870325526003,72.8072532685243,4.1,386
Hospital #1066,Mumbai,Maharashtra,Mumbai City,20036.0,18.968404596096743,72.83216588771789,4.1,947
Hospital #1067,Mumbai,Maharashtra,Mumbai City,20036.0,19.15397879733225,72.86749373780464,4.7,35
Hospital #1068,Mumbai,Maharashtra,Mumbai City,20036.0,19.15997942106133,72.8274694549477,3.9,318
Hospital #1069,Mumbai,Maharashtra,Mumbai City,20036.0,19.26296305095603,72.96939605606417,4.5,110
Hospital #1070,Mumbai,Maharashtra,Mumbai City,20036.0,19.111218108560127,72.94489400153424,4.4,322
Hospital #1071,Mumbai,Maharashtra,Mumbai City,20036.0,18.987143585419684,72.86721540952544,3.3,192
Hospital #1072,Mumbai,Maharashtra,Mumbai City,20036.0,18.92507322856642,72.58870903333037,4.0,4
Hospital #1073,Mumbai,Maharashtra,Mumbai City,20036.0,19.09514559064428,72.90596719550489,4.4,1087
Hospital #1074,Mumbai,Maharashtra,Mumbai City,20036.0,19.11289893158528,72.92861425380738,3.5,315
Hospital #1075,Mumbai,Maharashtra,Mumbai City,20036.0,18.99836774142134,72.81744241425527,4.8,11027
Hospital #1076,Mumbai,Maharashtra,Mumbai City,20036.0,19.070259616621065,72.87445417691606,4.0,872
Hospital #1077,Mumbai,Maharashtra,Mumbai City,20036.0,19.08284522441475,72.8968351176229,4.1,454
Hospital #1078,Mumbai,Maharashtra,Mumbai City,20036.0,19.20999071264354,72.8126761644051,4.6,102
Hospital #1079,Mumbai,Maharashtra,Mumbai City,20036.0,19.1786095420186,72.82264105025955,4.1,793
Hospital #1080,Mumbai,Maharashtra,Mumbai City,20036.0,19.18534214244635,72.78594953654725,4.5,566
Hospital #1081,Mumbai,Maharashtra,Mumbai City,20036.0,19.22532957115621,72.89082534767347,4.6,146
Hospital #1082,Mumbai,Maharashtra,Mumbai City,20036.0,19.09768844155745,72.81181757882543,4.2,74
Hospital #1083,Mumbai,Maharashtra,Mumbai City,20036.0,18.977855127023545,72.83521062082325,3.9,584
Hospital #1084,Mumbai,Maharashtra,Mumbai City,20036.0,19.18347473889874,72.7800177285637,3.6,37
Hospital #1085,Mumbai,Maharashtra,Mumbai City,20036.0,19.273405909404843,72.82338833845557,4.2,39
Hospital #1086,Mumbai,Maharashtra,Mumbai City,20036.0,19.001956695827023,72.99877211910778,3.6,26
Hospital #1087,Mumbai,Maharashtra,Mumbai City,20036.0,19.094632488497936,72.8793978120027,4.3,640
Hospital #1088,Mumbai,Maharashtra,Mumbai City,20036.0,19.08431775338072,72.53256730816875,2.7,25
Hospital #1089,Mumbai,Maharashtra,Mumbai City,20036.0,19.11894709954142,72.92054764795607,4.4,460
Hospital #1090,Mumbai,Maharashtra,Mumbai City,20036.0,19.075704359163392,72.79312599961706,3.8,154
Hospital #1091,Mumbai,Maharashtra,Mumbai City,20036.0,19.160001120111005,72.84098245379681,3.9,206
Hospital #1092,Mumbai,Maharashtra,Mumbai City,20036.0,19.25635968817572,72.96038427019003,3.8,297
Hospital #1093,Mumbai,Maharashtra,Mumbai City,20036.0,19.24611317729364,72.86842921038851,3.1,92
Hospital #1094,Mumbai,Maharashtra,Mumbai City,20036.0,19.09774716392129,72.8696632830217,4.1,344
Hospital #1095,Mumbai,Maharashtra,Mumbai City,20036.0,19.375263179153656,72.63530942632744,1.8,6
Hospital #1096,Mumbai,Maharashtra,Mumbai City,20036.0,19.185193033181143,72.8411167971734,4.3,472
Hospital #1097,Mumbai,Maharashtra,Mumbai City,20036.0,19.40856856352119,72.80572797239086,4.6,394
Hospital #1098,Mumbai,Maharashtra,Mumbai City,20036.0,18.95239481780317,72.81104249185147,4.8,9467
Hospital #1099,Mumbai,Maharashtra,Mumbai City,20036.0,19.088394875380605,73.00078964602069,3.5,49
Hospital #1100,Mumbai,Maharashtra,Mumbai City,20036.0,18.97950215508285,72.8203073697319,4.9,12884
Hospital #1101,Mumbai,Maharashtra,Mumbai City,20036.0,19.21162484859145,72.80103802709641,4.5,170
Hospital #1102,Mumbai,Maharashtra,Mumbai City,20036.0,19.201723487029074,72.82766161273145,4.1,391
Hospital #1103,Mumbai,Maharashtra,Mumbai City,20036.0,19.13333816897516,72.91440903653594,4.6,30
Hospital #1104,Mumbai,Maharashtra,Mumbai City,20036.0,19.09848405931053,72.95362979210154,3.5,35
Hospital #1105,Mumbai,Maharashtra,Mumbai City,20036.0,19.18552936886492,72.84095089084649,4.8,567
Hospital #1106,Mumbai,Maharashtra,Mumbai City,20036.0,18.953641442039583,72.82688272697943,4.6,5885
Hospital #1107,Mumbai,Maharashtra,Mumbai City,20036.0,19.1106989285334,72.98247741476507,4.6,241
Hospital #1108,Mumbai,Maharashtra,Mumbai City,20036.0,19.09948327418024,72.88899305117653,4.8,7687
Hospital #1109,Mumbai,Maharashtra,Mumbai City,20036.0,19.15933354470252,72.86017835021903,4.1,793
Hospital #1110,Mumbai,Maharashtra,Mumbai City,20036.0,19.07881263481669,73.02658548090756,3.8,34
Hospital #1111,Mumbai,Maharashtra,Mumbai City,20036.0,19.099286634423013,72.85376258245732,4.7,589
Hospital #1112,Mumbai,Maharashtra,Mumbai City,20036.0,19.06944876658273,72.72285766229604,4.0,2
Hospital #1113,Mumbai,Maharashtra,Mumbai City,20036.0,19.041093985396525,72.85050195713153,4.1,229
Hospital #1114,Mumbai,Maharashtra,Mumbai City,20036.0,19.08468146682167,72.8064022406999,4.4,447
Hospital #1115,Mumbai,Maharashtra,Mumbai City,20036.0,19.474499379963465,72.86651918081061,4.5,11
Hospital #1116,Mumbai,Maharashtra,Mumbai City,20036.0,19.23834219338304,72.89775035620139,4.4,590
Hospital #1117,Mumbai,Maharashtra,Mumbai City,20036.0,19.037767383709834,73.15909949151224,3.7,50
Hospital #1118,Mumbai,Maharashtra,Mumbai City,20036.0,19.22115935266845,72.93406565866948,4.3,78
Hospital #1119,Mumbai,Maharashtra,Mumbai City,20036.0,19.166461304787312,72.97586714893076,3.8,54
Hospital #1120,Mumbai,Maharashtra,Mumbai City,20036.0,18.92079187143117,73.02236954854328,4.0,191
Hospital #1121,Mumbai,Maharashtra,Mumbai City,20036.0,19.138233935902825,73.00996531520063,3.6,88
Hospital #1122,Mumbai,Maharashtra,Mumbai City,20036.0,18.789844979798907,72.70067422006211,3.1,62
Hospital #1123,Mumbai,Maharashtra,Mumbai City,20036.0,19.18941761684373,72.84897434470042,4.5,519
Hospital #1124,Mumbai,Maharashtra,Mumbai City,20036.0,19.40267016361299,72.681058906221,4.0,32
Hospital #1125,Mumbai,Maharashtra,Mumbai City,20036.0,19.03334061908909,72.79087728206711,4.5,466
Hospital #1126,Mumbai,Maharashtra,Mumbai City,20036.0,19.24827847051576,72.89224259834488,4.3,1712
Hospital #1127,Mumbai,Maharashtra,Mumbai City,20036.0,19.177058611968683,72.93829448900038,4.2,108
Hospital #1128,Mumbai,Maharashtra,Mumbai City,20036.0,19.08194757704901,72.77890350643808,4.4,294
Hospital #1129,Mumbai,Maharashtra,Mumbai City,20036.0,19.19576974535196,72.99858302252221,3.6,139
Hospital #1130,Mumbai,Maharashtra,Mumbai City,20036.0,19.21564659845265,72.899794819295,4.4,276
Hospital #1131,Mumbai,Maharashtra,Mumbai City,20036.0,19.110825819964656,72.98423954779282,3.7,32
Hospital #1132,Mumbai,Maharashtra,Mumbai City,20036.0,19.114074152491533,72.91898810498773,4.1,229
Hospital #1133,Mumbai,Maharashtra,Mumbai City,20036.0,19.061800493942844,72.86312969987291,3.7,207
Hospital #1134,Mumbai,Maharashtra,Mumbai City,20036.0,19.07383265174263,72.85106238523025,4.6,239
Hospital #1135,Mumbai,Maharashtra,Mumbai City,20036.0,19.093591404870388,72.72040622306412,4.5,16
Hospital #1136,Mumbai,Maharashtra,Mumbai City,20036.0,19.163769653344268,73.01672871780505,4.4,118
Hospital #1137,Mumbai,Maharashtra,Mumbai City,20036.0,19.35888037897645,72.89185448019683,3.2,120
Hospital #1138,Mumbai,Maharashtra,Mumbai City,20036.0,19.0221102246014,72.78327829525116,3.8,33
Hospital #1139,Mumbai,Maharashtra,Mumbai City,20036.0,19.173170614349885,72.85151506219862,4.6,255
Hospital #1140,Mumbai,Maharashtra,Mumbai City,20036.0,19.22613244832251,72.9158201679054,4.5,176
Hospital #1141,Mumbai,Maharashtra,Mumbai City,20036.0,19.31226260677716,72.86311911234208,4.5,81
Hospital #1142,Mumbai,Maharashtra,Mumbai City,20036.0,19.17336100931888,72.91899173781191,4.2,74
Hospital #1143,Nagpur,Maharashtra,Nagpur,470.0,21.190044288868904,79.0704338715024,4.1,229
Hospital #1144,Nagpur,Maharashtra,Nagpur,470.0,21.1749339588062,79.08997705354678,4.1,2055
Hospital #1145,Nagpur,Maharashtra,Nagpur,470.0,21.15747280834073,79.12022435861407,4.6,4196
Hospital #1146,Nagpur,Maharashtra,Nagpur,470.0,21.04901745954431,79.00651124288783,4.1,1
Hospital #1147,Nagpur,Maharashtra,Nagpur,470.0,21.21689570592534,79.1030083852995,2.9,54
Hospital #1148,Nagpur,Maharashtra,Nagpur,470.0,21.112261477873886,79.02665859611822,4.3,322
Hospital #1149,Nagpur,Maharashtra,Nagpur,470.0,21.208020048225,79.1166181726812,1.5,2
Hospital #1150,Nagpur,Maharashtra,Nagpur,470.0,21.13701645405513,79.07238147861108,4.1,229
Hospital #1151,Nagpur,Maharashtra,Nagpur,470.0,21.14782574917821,79.10347714834863,3.6,146
Hospital #1152,Nagpur,Maharashtra,Nagpur,470.0,21.00909059040776,79.20809255402561,3.5,27
Hospital #1153,Nagpur,Maharashtra,Nagpur,470.0,21.11499698666257,79.10928522290367,4.1,229
Hospital #1154,Nagpur,Maharashtra,Nagpur,470.0,21.193596821667505,79.10832382555286,3.3,19
Hospital #1155,Nasik,Maharashtra,Nashik,393.0,19.994028204162813,73.83387150723702,4.2,263
Hospital #1156,Nasik,Maharashtra,Nashik,393.0,20.00068268402925,73.79473182997687,4.1,229
Hospital #1157,Nasik,Maharashtra,Nashik,393.0,19.927910438454507,73.76974587266376,5.0,20
Hospital #1158,Nasik,Maharashtra,Nashik,393.0,19.905739297362945,73.82499818702188,4.5,256
Hospital #1159,Navi Mumbai,Maharashtra,Thane,1915.0,19.02139968252494,72.9662581881545,4.1,368
Hospital #1160,Navi Mumbai,Maharashtra,Thane,1915.0,19.0808491647232,73.20315265889752,3.5,26
Hospital #1161,Navi Mumbai,Maharashtra,Thane,1915.0,19.050499611115978,73.06237906471348,4.7,456
Hospital #1162,Navi Mumbai,Maharashtra,Thane,1915.0,19.10745379744816,73.01816617672992,3.7,950
Hospital #1163,Navi Mumbai,Maharashtra,Thane,1915.0,19.065690985475893,73.16777939379507,3.5,125
Hospital #1164,Navi Mumbai,Maharashtra,Thane,1915.0,19.08150385346969,72.99064615992413,2.9,25
Hospital #1165,Navi Mumbai,Maharashtra,Thane,1915.0,19.00001087234444,73.11541361920578,4.1,229
Hospital #1166,Navi Mumbai,Maharashtra,Thane,1915.0,19.011297878712924,73.11090987191389,3.4,516
Hospital #1167,Navi Mumbai,Maharashtra,Thane,1915.0,18.990741356160434,73.05837983358035,4.2,708
Hospital #1168,Navi Mumbai,Maharashtra,Thane,1915.0,19.02692209992877,73.15370559429988,3.4,73
Hospital #1169,Navi Mumbai,Maharashtra,Thane,1915.0,19.236432177477944,73.24761494785031,3.8,56
Hospital #1170,Navi Mumbai,Maharashtra,Thane,1915.0,19.02880451167358,73.01402162947745,4.6,34
Hospital #1171,Navi Mumbai,Maharashtra,Thane,1915.0,19.155591909317195,73.12053355390995,3.1,268
Hospital #1172,Navi Mumbai,Maharashtra,Thane,1915.0,19.316237652219755,73.1301785088447,3.0,145
Hospital #1173,Navi Mumbai,Maharashtra,Thane,1915.0,19.01743747398193,73.0877388714915,4.7,1062
Hospital #1174,Navi Mumbai,Maharashtra,Thane,1915.0,19.2234060462392,73.16196053076631,4.2,201
Hospital #1175,Navi Mumbai,Maharashtra,Thane,1915.0,19.18518685181357,73.3090628762568,3.4,51
Hospital #1176,Navi Mumbai,Maharashtra,Thane,1915.0,19.02518893438547,72.98008044235713,4.3,826
Hospital #1177,Navi Mumbai,Maharashtra,Thane,1915.0,19.133699202811087,73.03992618387322,3.8,156
Hospital #1178,Navi Mumbai,Maharashtra,Thane,1915.0,19.067260448196247,72.93386796059588,4.2,202
Hospital #1179,Navi Mumbai,Maharashtra,Thane,1915.0,19.084119288122604,72.99204746145851,4.8,430
Hospital #1180,Navi Mumbai,Maharashtra,Thane,1915.0,19.162410863838144,72.96415405503251,4.7,521
Hospital #1181,Navi Mumbai,Maharashtra,Thane,1915.0,19.11868026474,72.99920456741765,4.8,21
Hospital #1182,Navi Mumbai,Maharashtra,Thane,1915.0,19.16803716298428,72.98663320909438,4.5,1967
Hospital #1183,Navi Mumbai,Maharashtra,Thane,1915.0,19.016168272890283,73.09071385769167,4.7,456
Hospital #1184,Navi Mumbai,Maharashtra,Thane,1915.0,19.13586893112586,72.99963927202928,4.7,1777
Hospital #1185,Navi Mumbai,Maharashtra,Thane,1915.0,18.682231636954388,73.07824746605203,3.9,11
Hospital #1186,Navi Mumbai,Maharashtra,Thane,1915.0,19.14969943803928,72.98656714807103,4.3,169
Hospital #1187,Navi Mumbai,Maharashtra,Thane,1915.0,19.08970563837116,72.9921444331464,4.4,419
Hospital #1188,Navi Mumbai,Maharashtra,Thane,1915.0,19.01874733731692,73.01255288181902,2.8,30
Hospital #1189,Navi Mumbai,Maharashtra,Thane,1915.0,19.16358543828736,72.99162824633845,4.6,71
Hospital #1190,Navi Mumbai,Maharashtra,Thane,1915.0,19.11769100902468,73.05241957382087,3.9,398
Hospital #1191,Navi Mumbai,Maharashtra,Thane,1915.0,19.030576276931424,73.0796828520053,3.8,52
Hospital #1192,Navi Mumbai,Maharashtra,Thane,1915.0,19.065193642077823,73.14765326389104,4.6,335
Hospital #1193,Navi Mumbai,Maharashtra,Thane,1915.0,19.03261119642069,73.09571818026093,4.4,185
Hospital #1194,Navi Mumbai,Maharashtra,Thane,1915.0,18.97653314424357,73.03003702768372,2.7,129
Hospital #1195,Navi Mumbai,Maharashtra,Thane,1915.0,18.98462043337948,73.11933321079671,4.2,224
Hospital #1196,Navi Mumbai,Maharashtra,Thane,1915.0,19.08339364353769,72.89064505421598,3.6,59
Hospital #1197,Navi Mumbai,Maharashtra,Thane,1915.0,19.11085223936741,72.99715705017528,4.8,1103
Hospital #1198,Navi Mumbai,Maharashtra,Thane,1915.0,19.24742241449923,72.88562275689105,4.2,224
Hospital #1199,Navi Mumbai,Maharashtra,Thane,1915.0,19.26982404441232,72.97347885478345,3.9,3
Hospital #1200,Navi Mumbai,Maharashtra,Thane,1915.0,19.396315572068524,72.7843180185521,3.3,34
Hospital #1201,Navi Mumbai,Maharashtra,Thane,1915.0,19.041274540056936,73.03487451660489,4.7,538
Hospital #1202,Navi Mumbai,Maharashtra,Thane,1915.0,18.963827667405745,72.99462335669682,4.7,62
Hospital #1203,Navi Mumbai,Maharashtra,Thane,1915.0,19.188662026341355,72.98961005253578,4.1,67
Hospital #1204,Navi Mumbai,Maharashtra,Thane,1915.0,19.06313065753612,72.99050079313174,4.1,229
Hospital #1205,Navi Mumbai,Maharashtra,Thane,1915.0,19.106417343594035,72.98004861526339,4.6,1567
Hospital #1206,Navi Mumbai,Maharashtra,Thane,1915.0,19.00971191244677,73.025821419245,3.9,85
Hospital #1207,Pune,Maharashtra,Pune,603.0,18.57027941561871,73.92982510519683,3.3,414
Hospital #1208,Pune,Maharashtra,Pune,603.0,18.623407811262265,73.78939002654698,4.0,5383
Hospital #1209,Pune,Maharashtra,Pune,603.0,18.469030883922866,73.45253076434545,5.0,1
Hospital #1210,Pune,Maharashtra,Pune,603.0,18.442135896147747,73.86394090968048,4.6,319
Hospital #1211,Pune,Maharashtra,Pune,603.0,18.42081401182092,73.79500864179329,4.0,6
Hospital #1212,Pune,Maharashtra,Pune,603.0,18.51377894034433,73.74461068881807,3.8,37
Hospital #1213,Pune,Maharashtra,Pune,603.0,18.58750689292489,73.92550917986412,3.7,392
Hospital #1214,Pune,Maharashtra,Pune,603.0,18.52326271053365,73.85859969796398,4.3,18
Hospital #1215,Pune,Maharashtra,Pune,603.0,18.414716314220563,73.8796701424703,4.4,233
Hospital #1216,Pune,Maharashtra,Pune,603.0,18.55367634350772,73.95541696239489,4.1,229
Hospital #1217,Pune,Maharashtra,Pune,603.0,18.51801521721005,73.97205766232787,4.0,262
Hospital #1218,Pune,Maharashtra,Pune,603.0,18.549000508419475,73.93051696455755,4.1,229
Hospital #1219,Pune,Maharashtra,Pune,603.0,18.56345045224436,73.95700179144221,4.1,229
Hospital #1220,Pune,Maharashtra,Pune,603.0,18.595685209032965,73.9015078961888,3.7,184
Hospital #1221,Pune,Maharashtra,Pune,603.0,18.54221396850232,73.87465267661061,4.1,229
Hospital #1222,Pune,Maharashtra,Pune,603.0,18.58174232098479,73.8437888385415,4.1,229
Hospital #1223,Pune,Maharashtra,Pune,603.0,18.516368678856885,73.81588680042294,4.5,96
Hospital #1224,Pune,Maharashtra,Pune,603.0,18.48568784806625,73.70470521818302,2.7,10
Hospital #1225,Pune,Maharashtra,Pune,603.0,18.535523068987303,73.79053167510844,4.3,238
Hospital #1226,Pune,Maharashtra,Pune,603.0,18.361982350860035,73.86243728322262,4.2,19
Hospital #1227,Pune,Maharashtra,Pune,603.0,18.63834650658578,73.83842784045113,4.6,1966
Hospital #1228,Pune,Maharashtra,Pune,603.0,18.62710760529731,73.84511486522094,4.0,262
Hospital #1229,Pune,Maharashtra,Pune,603.0,18.60671945221751,73.82132634899706,4.6,232
Hospital #1230,Pune,Maharashtra,Pune,603.0,18.743832763963823,73.9090137240836,4.1,239
Hospital #1231,Pune,Maharashtra,Pune,603.0,18.63886725155391,73.96249775021607,4.0,221
Hospital #1232,Pune,Maharashtra,Pune,603.0,18.70999190448381,73.9195291152511,4.1,229
Hospital #1233,Pune,Maharashtra,Pune,603.0,18.659715153418244,73.91996479366323,4.8,315
Hospital #1234,Pune,Maharashtra,Pune,603.0,18.77598601195213,73.86981277453056,4.7,339
Hospital #1235,Pune,Maharashtra,Pune,603.0,18.47716774557371,73.79460158705746,4.8,66
Hospital #1236,Pune,Maharashtra,Pune,603.0,18.53739031008228,73.93734200257498,4.0,93
Hospital #1237,Pune,Maharashtra,Pune,603.0,18.682890237460114,73.80787416300828,4.7,504
Hospital #1238,Pune,Maharashtra,Pune,603.0,18.602794539681863,74.0132144685002,4.4,654
Hospital #1239,Pune,Maharashtra,Pune,603.0,18.64526347399812,73.77908614693598,4.7,753
Hospital #1240,Pune,Maharashtra,Pune,603.0,18.637323509258657,73.81352623299243,4.1,290
Hospital #1241,Pune,Maharashtra,Pune,603.0,18.48454250305696,73.80713803707287,5.0,3
Hospital #1242,Pune,Maharashtra,Pune,603.0,18.48546533113844,73.8640655905577,3.8,3215
Hospital #1243,Pune,Maharashtra,Pune,603.0,18.62577562023188,73.77715436019353,3.5,72
Hospital #1244,Pune,Maharashtra,Pune,603.0,18.747718350332804,73.85831448909107,4.9,255
Hospital #1245,Pune,Maharashtra,Pune,603.0,18.610844207983227,73.74407202816533,4.4,672
Hospital #1246,Pune,Maharashtra,Pune,603.0,18.51606832401101,73.85785125461685,4.5,1060
Hospital #1247,Pune,Maharashtra,Pune,603.0,18.58078639221636,74.00428845717461,4.2,724
Hospital #1248,Pune,Maharashtra,Pune,603.0,18.47612558733471,73.81767140103092,3.8,313
Hospital #1249,Pune,Maharashtra,Pune,603.0,18.549566676476392,73.86287647134095,4.5,11346
Hospital #1250,Pune,Maharashtra,Pune,603.0,18.561361071241688,73.89298149213498,4.8,653
Hospital #1251,Pune,Maharashtra,Pune,603.0,18.49729423352373,73.9061319659659,3.7,1287
Hospital #1252,Pune,Maharashtra,Pune,603.0,18.61499261569453,73.81325074354747,4.6,751
Hospital #1253,Pune,Maharashtra,Pune,603.0,18.636362960093884,73.76082943641956,3.9,1543
Hospital #1254,Pune,Maharashtra,Pune,603.0,18.615858527825733,73.74775356553229,4.3,477
Hospital #1255,Pune,Maharashtra,Pune,603.0,18.59813910555896,73.7964798207515,3.9,268
Hospital #1256,Pune,Maharashtra,Pune,603.0,18.205229393112567,73.90847471625351,3.8,3
Hospital #1257,Pune,Maharashtra,Pune,603.0,18.64830971448347,74.0349944297185,3.0,64
Hospital #1258,Pune,Maharashtra,Pune,603.0,18.652050045893848,73.83809390149972,3.0,104
Hospital #1259,Pune,Maharashtra,Pune,603.0,18.49149454626042,73.80336397633458,4.6,1401
Hospital #1260,Pune,Maharashtra,Pune,603.0,18.771390803112165,73.86301334758964,4.9,165
Hospital #1261,Pune,Maharashtra,Pune,603.0,18.47310291558109,73.90475493098218,3.0,2
Hospital #1262,Pune,Maharashtra,Pune,603.0,18.64260309659292,73.91271233266622,3.9,730
Hospital #1263,Pune,Maharashtra,Pune,603.0,18.539279869060827,73.81434320938331,4.4,1162
Hospital #1264,Pune,Maharashtra,Pune,603.0,18.724387142559475,73.65449434092467,4.7,1238
Hospital #1265,Pune,Maharashtra,Pune,603.0,18.59417108535892,73.76682125045062,4.5,1347
Hospital #1266,Pune,Maharashtra,Pune,603.0,18.64632816825074,73.69846394561527,3.9,93
Hospital #1267,Pune,Maharashtra,Pune,603.0,18.341271635385,74.06814931042838,3.6,24
Hospital #1268,Pune,Maharashtra,Pune,603.0,18.51175696646879,73.92508054164387,4.7,9141
Hospital #1269,Pune,Maharashtra,Pune,603.0,18.506891505754773,73.76582749634152,4.0,742
Hospital #1270,Pune,Maharashtra,Pune,603.0,18.515231406198875,73.84443161196864,4.6,11071
Hospital #1271,Pune,Maharashtra,Pune,603.0,18.57346474089536,73.8906978950954,4.6,9087
Hospital #1272,Pune,Maharashtra,Pune,603.0,18.660133653780527,73.84019156591384,4.5,1403
Hospital #1273,Pune,Maharashtra,Pune,603.0,18.57734779066189,73.688030807842,5.0,2
Hospital #1274,Pune,Maharashtra,Pune,603.0,18.726530697202115,73.64889451007957,3.0,2
Hospital #1275,Pune,Maharashtra,Pune,603.0,18.517619192924112,73.83953336166145,4.6,142
Hospital #1276,Pune,Maharashtra,Pune,603.0,18.553155872640364,73.95610967313276,3.9,96
Hospital #1277,Pune,Maharashtra,Pune,603.0,18.7796165163001,73.96803576339772,2.4,2
Hospital #1278,Pune,Maharashtra,Pune,603.0,18.51556703326381,73.85088523961856,3.3,414
Hospital #1279,Pune,Maharashtra,Pune,603.0,18.422332531286106,73.76070447254821,4.3,57
Hospital #1280,Pune,Maharashtra,Pune,603.0,18.51948869879124,73.8398113204943,4.3,530
Hospital #1281,Pune,Maharashtra,Pune,603.0,18.69757875478238,73.95656644914186,5.0,36
Hospital #1282,Pune,Maharashtra,Pune,603.0,18.48381169319606,73.7352982048402,4.4,51
Hospital #1283,Pune,Maharashtra,Pune,603.0,18.42709305500416,73.81656963911237,3.9,81
Hospital #1284,Pune,Maharashtra,Pune,603.0,18.607495118418303,73.84487686014205,3.1,189
Hospital #1285,Pune,Maharashtra,Pune,603.0,18.71493326080643,74.18806453414479,3.8,35
Hospital #1286,Pune,Maharashtra,Pune,603.0,18.50732294567711,73.8577757343497,4.9,4
Hospital #1287,Pune,Maharashtra,Pune,603.0,18.593714844770243,73.78464525226904,4.8,392
Hospital #1288,Pune,Maharashtra,Pune,603.0,18.60289908212761,73.81793134311364,4.2,2673
Hospital #1289,Pune,Maharashtra,Pune,603.0,18.57656718276653,73.79050849463798,4.5,11606
Hospital #1290,Pune,Maharashtra,Pune,603.0,18.48579184427292,73.82816290391588,4.6,17
Hospital #1291,Pune,Maharashtra,Pune,603.0,18.55441851778473,73.93847367113676,5.0,161
Hospital #1292,Pune,Maharashtra,Pune,603.0,18.50300982647019,73.76162596915367,4.1,566
Hospital #1293,Pune,Maharashtra,Pune,603.0,18.64647569606964,73.8074147301955,4.6,3498
Hospital #1294,Pune,Maharashtra,Pune,603.0,18.62566444749664,73.80595512539658,4.4,245
Hospital #1295,Pune,Maharashtra,Pune,603.0,18.67774091836875,73.70225127767509,4.3,333
Hospital #1296,Pune,Maharashtra,Pune,603.0,18.674767850872733,73.84381254558056,4.6,30
Hospital #1297,Pune,Maharashtra,Pune,603.0,18.544546952260827,73.76731760434967,4.6,467
Hospital #1298,Pune,Maharashtra,Pune,603.0,18.68793498691868,73.81814990282444,3.6,12
Hospital #1299,Pune,Maharashtra,Pune,603.0,18.620471714267737,73.72457556131573,4.3,121
Hospital #1300,Pune,Maharashtra,Pune,603.0,18.55592208999128,73.82373245926247,4.5,993
Hospital #1301,Pune,Maharashtra,Pune,603.0,18.386060536210817,73.6673934328535,3.3,71
Hospital #1302,Pune,Maharashtra,Pune,603.0,18.630600488332657,73.77113813240656,3.4,35
Hospital #1303,Pune,Maharashtra,Pune,603.0,18.632073151670124,73.80955088655041,4.2,90
Hospital #1304,Pune,Maharashtra,Pune,603.0,18.45106264098839,73.78031652560192,4.8,302
Hospital #1305,Pune,Maharashtra,Pune,603.0,18.539466940534428,74.09004720171575,3.8,98
Hospital #1306,Pune,Maharashtra,Pune,603.0,18.882926750094143,73.6152403696716,2.3,3
Hospital #1307,Pune,Maharashtra,Pune,603.0,18.509267878904595,73.82020485394425,4.0,339
Hospital #1308,Pune,Maharashtra,Pune,603.0,18.47661754772021,73.89779987454696,4.1,229
Hospital #1309,Pune,Maharashtra,Pune,603.0,18.5255265036401,73.91855052574061,3.5,361
Hospital #1310,Pune,Maharashtra,Pune,603.0,18.5118599567305,73.82746883173468,4.2,476
Hospital #1311,Pune,Maharashtra,Pune,603.0,18.521477047391272,73.68699703312247,3.0,150
Hospital #1312,Pune,Maharashtra,Pune,603.0,18.572369287457068,73.80784881003197,4.8,3303
Hospital #1313,Pune,Maharashtra,Pune,603.0,18.750805332391216,73.79991879197317,3.7,197
Hospital #1314,Pune,Maharashtra,Pune,603.0,18.711421625860982,73.69018103553081,4.5,476
Hospital #1315,Pune,Maharashtra,Pune,603.0,18.46724086206654,73.78499054587864,4.9,45
Hospital #1316,Pune,Maharashtra,Pune,603.0,18.46950271149841,73.78061432271058,4.6,1401
Hospital #1317,Raigad,Maharashtra,Raigad,368.0,19.146562773296903,73.01202374218899,3.5,87
Hospital #1318,Raigad,Maharashtra,Raigad,368.0,19.00925722392072,73.12040842335362,3.7,113
Hospital #1319,Raigad,Maharashtra,Raigad,368.0,18.996519391293923,73.1394545248826,4.0,341
Hospital #1320,Raigad,Maharashtra,Raigad,368.0,19.00353407964587,73.08675472306976,4.4,209
Hospital #1321,Raigad,Maharashtra,Raigad,368.0,18.96279749457116,73.20792378748577,3.9,92
Hospital #1322,Raigad,Maharashtra,Raigad,368.0,18.869236497283843,73.19712642581756,3.4,245
Hospital #1323,Raigad,Maharashtra,Raigad,368.0,18.988929023135817,73.11706625775511,4.3,128
Hospital #1324,Raigad,Maharashtra,Raigad,368.0,18.99414570682763,73.08070002011229,4.6,181
Hospital #1325,Raigad,Maharashtra,Raigad,368.0,19.042617490854795,72.99541475609145,4.2,181
Hospital #1326,Raigad,Maharashtra,Raigad,368.0,19.00665322022289,73.05634426709982,4.8,149
Hospital #1327,Raigad,Maharashtra,Raigad,368.0,18.96876174946239,73.11104506791762,4.6,761
Hospital #1328,Thane,Maharashtra,Thane,1915.0,19.21683205088577,73.07871713774408,4.1,143
Hospital #1329,Thane,Maharashtra,Thane,1915.0,19.225062757898407,72.93921139573094,4.6,14294
Hospital #1330,Thane,Maharashtra,Thane,1915.0,19.21930762847291,73.10702838833214,3.8,118
Hospital #1331,Thane,Maharashtra,Thane,1915.0,19.263996625910508,72.75451255635605,3.9,101
Hospital #1332,Thane,Maharashtra,Thane,1915.0,19.229295896856424,73.15590341831364,4.3,55
Hospital #1333,Thane,Maharashtra,Thane,1915.0,19.21532306479463,72.97863815959929,4.9,97
Hospital #1334,Thane,Maharashtra,Thane,1915.0,19.43809704890697,73.03924481820681,3.7,35
Hospital #1335,Thane,Maharashtra,Thane,1915.0,19.06092507393524,73.16569028623444,4.9,13
Hospital #1336,Thane,Maharashtra,Thane,1915.0,19.260678893170432,72.86735480665911,3.8,261
Hospital #1337,Thane,Maharashtra,Thane,1915.0,19.12847626956189,73.05213263481558,3.0,23
Hospital #1338,Thane,Maharashtra,Thane,1915.0,19.44556907165523,72.7790354168558,4.1,1131
Hospital #1339,Thane,Maharashtra,Thane,1915.0,19.27478733456787,72.87168446723615,4.3,317
Hospital #1340,Thane,Maharashtra,Thane,1915.0,19.111086332126924,73.12406945091293,4.1,356
Hospital #1341,Thane,Maharashtra,Thane,1915.0,19.170968531468777,73.23039718164989,4.8,374
Hospital #1342,Thane,Maharashtra,Thane,1915.0,19.18586155838109,73.18995145927423,4.2,127
Hospital #1343,Thane,Maharashtra,Thane,1915.0,19.362006833477704,73.03597622378693,3.4,123
Hospital #1344,Thane,Maharashtra,Thane,1915.0,19.23774970536594,72.926389875721,4.3,967
Hospital #1345,Thane,Maharashtra,Thane,1915.0,19.251189092752583,73.09501062223845,2.4,29
Hospital #1346,Thane,Maharashtra,Thane,1915.0,19.21193189295605,73.00849443843474,3.3,93
Hospital #1347,Thane,Maharashtra,Thane,1915.0,19.146020989818567,72.9449972478318,3.1,38
Hospital #1348,Thane,Maharashtra,Thane,1915.0,19.23168928532378,73.13631439953498,4.4,737
Hospital #1349,Thane,Maharashtra,Thane,1915.0,19.18180332635686,72.956474424099,3.4,152
Hospital #1350,Thane,Maharashtra,Thane,1915.0,19.284051680132176,72.97532903920658,3.9,389
Hospital #1351,Thane,Maharashtra,Thane,1915.0,19.2730375312297,72.83672114219175,4.2,3207
Hospital #1352,Thane,Maharashtra,Thane,1915.0,19.276971605259405,72.8817426545942,4.6,203
Hospital #1353,Thane,Maharashtra,Thane,1915.0,19.34286630952571,72.82811760153757,3.3,4
Hospital #1354,Thane,Maharashtra,Thane,1915.0,19.161824651518128,72.96768652127957,3.8,78
Hospital #1355,Thane,Maharashtra,Thane,1915.0,19.30864197412093,72.85765677923075,3.5,264
Hospital #1356,Thane,Maharashtra,Thane,1915.0,19.44546436476868,72.82584432976326,4.6,534
Hospital #1357,Thane,Maharashtra,Thane,1915.0,19.26451953356902,72.93452410437081,3.5,742
Hospital #1358,Thane,Maharashtra,Thane,1915.0,19.2001273773946,72.86308179960477,4.2,61
Hospital #1359,Thane,Maharashtra,Thane,1915.0,19.193468391279303,72.94429616265462,4.8,1863
Hospital #1360,Thane,Maharashtra,Thane,1915.0,19.184710743961105,72.99109777613307,4.9,6
Hospital #1361,Thane,Maharashtra,Thane,1915.0,19.41341242218005,72.9864165150986,3.9,22
Hospital #1362,Thane,Maharashtra,Thane,1915.0,19.301893807336217,73.13655055829473,4.6,1188
Hospital #1363,Thane,Maharashtra,Thane,1915.0,19.246171129827864,73.06289219347049,2.7,39
Hospital #1364,Thane,Maharashtra,Thane,1915.0,19.508301377236258,73.14885605948918,2.3,18
Hospital #1365,Thane,Maharashtra,Thane,1915.0,19.16442874816192,73.03157390846872,3.8,54
Hospital #1366,Thane,Maharashtra,Thane,1915.0,19.207241255305263,72.93449355477105,4.1,9
Hospital #1367,Thane,Maharashtra,Thane,1915.0,19.28922817083604,73.0080363713303,3.3,62
Hospital #1368,Thane,Maharashtra,Thane,1915.0,18.948333516524304,73.09207621589816,3.2,70
Hospital #1369,Thane,Maharashtra,Thane,1915.0,19.26373835686022,72.96182534578656,4.8,203
Hospital #1370,Thane,Maharashtra,Thane,1915.0,19.445455984142257,72.8362029982555,3.1,183
Hospital #1371,Thane,Maharashtra,Thane,1915.0,19.262694070562656,73.05824458620293,4.0,102
Hospital #1372,Thane,Maharashtra,Thane,1915.0,19.23516776874821,73.29213320569123,4.0,8
Hospital #1373,Thane,Maharashtra,Thane,1915.0,19.195236360872165,73.19519483552126,4.1,33
Hospital #1374,Thane,Maharashtra,Thane,1915.0,19.248832100052034,73.0816638148382,4.0,103
Hospital #1375,Thane,Maharashtra,Thane,1915.0,19.41330609279889,72.62186321835131,3.7,66
Hospital #1376,Thane,Maharashtra,Thane,1915.0,19.20482586466857,72.89256596801184,4.7,71
Hospital #1377,Thane,Maharashtra,Thane,1915.0,19.45908316090855,73.0838997548287,3.7,24
Hospital #1378,Thane,Maharashtra,Thane,1915.0,19.29731166781454,72.84979322466012,3.8,70
Hospital #1379,Thane,Maharashtra,Thane,1915.0,19.46166962425539,72.92910920184042,3.5,17
Hospital #1380,Thane,Maharashtra,Thane,1915.0,19.415886010100976,72.82326562874798,3.1,347
Hospital #1381,Thane,Maharashtra,Thane,1915.0,19.226947618913183,72.93643041477328,3.3,177
Hospital #1382,Thane,Maharashtra,Thane,1915.0,19.19954884570245,72.80430230845177,3.7,51
Hospital #1383,Thane,Maharashtra,Thane,1915.0,19.284732406981103,72.92665420162719,4.4,1353
Hospital #1384,Thane,Maharashtra,Thane,1915.0,19.21929202773689,72.58576374507908,2.3,9
Hospital #1385,Thane,Maharashtra,Thane,1915.0,19.15360443814153,72.96012656390394,4.4,723
Hospital #1386,Thane,Maharashtra,Thane,1915.0,19.31161702771184,73.08100517552079,4.1,160
Hospital #1387,Thane,Maharashtra,Thane,1915.0,19.23806901127332,72.97509779574841,4.4,258
Hospital #1388,Thane,Maharashtra,Thane,1915.0,19.179250841360908,72.97845173622966,4.6,408
Hospital #1389,Thane,Maharashtra,Thane,1915.0,18.9536666993629,73.22014804569618,4.9,2
Hospital #1390,Thane,Maharashtra,Thane,1915.0,19.199976777175564,72.97253868013176,4.9,125
Hospital #1391,Thane,Maharashtra,Thane,1915.0,19.27135870032951,73.00464480390679,3.3,83
Hospital #1392,Thane,Maharashtra,Thane,1915.0,19.12914734800496,72.94531547720662,4.0,13
Hospital #1393,Thane,Maharashtra,Thane,1915.0,19.302742183886647,72.8615030937016,4.7,595
Hospital #1394,Thane,Maharashtra,Thane,1915.0,19.231148657345805,72.97167442199435,4.5,851
Hospital #1395,Thane,Maharashtra,Thane,1915.0,19.216138832059304,72.96163752583068,4.7,577
Hospital #1396,Thane,Maharashtra,Thane,1915.0,19.2385664680872,73.11107780915859,3.6,288
Hospital #1397,Thane,Maharashtra,Thane,1915.0,19.21433051029522,72.9607697134565,4.5,849
Hospital #1398,Thane,Maharashtra,Thane,1915.0,19.199201848465044,72.98170282876143,3.9,107
Hospital #1399,Thane,Maharashtra,Thane,1915.0,19.2032512603996,73.05816617580025,4.3,1367
Hospital #1400,Thane,Maharashtra,Thane,1915.0,19.29943696828173,72.95942221501407,4.8,336
Hospital #1401,Thane,Maharashtra,Thane,1915.0,19.412923467147355,72.84410819327445,3.6,102
Hospital #1402,Thane,Maharashtra,Thane,1915.0,18.839013067768217,72.80126372714352,4.5,7
Hospital #1403,Thane,Maharashtra,Thane,1915.0,19.266424089686648,72.92458426312233,4.0,94
Hospital #1404,Thane,Maharashtra,Thane,1915.0,19.215008042971224,72.91968738780737,3.8,119
Hospital #1405,Thane,Maharashtra,Thane,1915.0,19.42416002676213,72.82812868450291,3.5,156
Hospital #1406,Thane,Maharashtra,Thane,1915.0,19.258773950330617,72.79554231167806,4.8,168
Hospital #1407,Thane,Maharashtra,Thane,1915.0,19.06670786196464,72.75078455708933,3.3,64
Hospital #1408,Thane,Maharashtra,Thane,1915.0,19.16841206880791,72.96550698462433,4.1,349
Hospital #1409,Thane,Maharashtra,Thane,1915.0,19.196856562189343,72.91099118116227,4.5,82
Hospital #1410,Thane,Maharashtra,Thane,1915.0,19.3572577745957,72.88845988421025,4.4,159
Hospital #1411,Thane,Maharashtra,Thane,1915.0,19.18299365656362,73.08705085401665,3.9,75
Hospital #1412,Thane,Maharashtra,Thane,1915.0,19.55534134257617,73.01083693772314,3.7,33
Hospital #1413,Thane,Maharashtra,Thane,1915.0,19.35509884681748,72.76499304886164,3.9,445
Hospital #1414,Thane,Maharashtra,Thane,1915.0,19.29948791961604,72.87956810440592,2.7,61
Hospital #1415,Thane,Maharashtra,Thane,1915.0,19.14850611517897,73.08971166132012,4.1,229
Hospital #1416,Thane,Maharashtra,Thane,1915.0,19.26248928690089,73.00610022683927,3.7,245
Hospital #1417,Thane,Maharashtra,Thane,1915.0,19.41266382904713,72.89333191055053,3.1,58
Hospital #1418,Thane,Maharashtra,Thane,1915.0,19.242329086820234,72.90755584741072,4.2,78
Hospital #1419,Thane,Maharashtra,Thane,1915.0,19.213454690374338,72.96246011646919,4.1,283
Hospital #1420,Thane,Maharashtra,Thane,1915.0,19.2887512666066,73.05855935612631,4.1,97
Hospital #1421,Thane,Maharashtra,Thane,1915.0,19.179888577128786,72.93390780581873,4.2,720
Hospital #1422,Thane,Maharashtra,Thane,1915.0,19.126322425178,73.01952757410129,3.5,69
Hospital #1423,Thane,Maharashtra,Thane,1915.0,19.228671400344087,73.17481655862366,3.9,171
Hospital #1424,Thane,Maharashtra,Thane,1915.0,19.22222742424505,72.95414085163728,4.4,107
Hospital #1425,Thane,Maharashtra,Thane,1915.0,19.191013313676105,73.01836056930485,4.2,512
Hospital #1426,Thane,Maharashtra,Thane,1915.0,19.010068353720754,73.3785483506181,3.0,23
Hospital #1427,Thane,Maharashtra,Thane,1915.0,19.175790046586467,72.78683625679083,4.0,42
Hospital #1428,Thane,Maharashtra,Thane,1915.0,19.32181279534722,72.80564249723791,4.7,428
Hospital #1429,Thane,Maharashtra,Thane,1915.0,19.301016214468188,72.84727525122301,4.1,37
Hospital #1430,Thane,Maharashtra,Thane,1915.0,19.23788530911872,72.75825239586801,3.7,15
Hospital #1431,Thane,Maharashtra,Thane,1915.0,19.299364173768083,72.92918514827231,3.9,219
Hospital #1432,Thane,Maharashtra,Thane,1915.0,19.2033125,73.0012429,0.9,1
Hospital #1433,Thane,Maharashtra,Thane,1915.0,19.42930208765677,72.83219894963372,4.8,4169
Hospital #1434,Thane,Maharashtra,Thane,1915.0,19.37511382241893,72.72758756142522,4.5,154
Hospital #1435,Thane,Maharashtra,Thane,1915.0,19.56106351694616,73.00945780633276,3.8,23
Hospital #1436,Thane,Maharashtra,Thane,1915.0,19.304466986613864,72.84327797859862,4.5,1006
Hospital #1437,Thane,Maharashtra,Thane,1915.0,19.305712321782185,72.79425346500797,4.3,104
Hospital #1438,Thane,Maharashtra,Thane,1915.0,19.28213663527279,73.04977798041573,3.8,118
Hospital #1439,Thane,Maharashtra,Thane,1915.0,19.29976345326316,73.2026330238557,4.4,201
Hospital #1440,Thane,Maharashtra,Thane,1915.0,19.2055694340328,72.95599838994796,4.8,1863
Hospital #1441,Thane,Maharashtra,Thane,1915.0,19.23766344788936,73.15766864972701,4.8,1863
Hospital #1442,Thane,Maharashtra,Thane,1915.0,19.199874293140905,73.11714920672806,4.5,507
Hospital #1443,Thane,Maharashtra,Thane,1915.0,19.401243741065333,72.9651774145141,3.2,20
Hospital #1444,Thane,Maharashtra,Thane,1915.0,19.22813904066584,73.23586039540176,3.9,275
Hospital #1445,Thane,Maharashtra,Thane,1915.0,19.363917034007866,72.84132687957977,4.7,379
Hospital #1446,Thane,Maharashtra,Thane,1915.0,19.436700991406298,73.11206296323252,3.0,12
Hospital #1447,Thane,Maharashtra,Thane,1915.0,19.21149801384136,72.81615865500643,4.8,28
Hospital #1448,Thane,Maharashtra,Thane,1915.0,19.245071939858096,72.95813666880481,2.7,145
Hospital #1449,Thane,Maharashtra,Thane,1915.0,19.023920965941763,73.05537686670647,2.8,121
Hospital #1450,Thane,Maharashtra,Thane,1915.0,19.363230284972985,73.06015270019641,3.7,73
Hospital #1451,Thane,Maharashtra,Thane,1915.0,19.1423543331151,73.19381896573314,4.3,159
Hospital #1452,Thane,Maharashtra,Thane,1915.0,19.296040206418247,72.85853231482938,4.8,10998
Hospital #1453,Thane,Maharashtra,Thane,1915.0,19.34174983076442,73.09661065696693,4.3,55
Hospital #1454,Thane,Maharashtra,Thane,1915.0,19.22414183150407,73.17904677538888,4.6,119
Hospital #1455,Thane,Maharashtra,Thane,1915.0,19.12020497243329,72.98296563186652,5.0,1
Hospital #1456,Thane,Maharashtra,Thane,1915.0,19.229907626739376,72.9700488678926,4.4,98
Hospital #1457,Thane,Maharashtra,Thane,1915.0,19.23118403053135,73.16563846341795,4.5,78
Hospital #1458,Thane,Maharashtra,Thane,1915.0,19.196628020611545,73.01604796746953,5.0,2
Hospital #1459,Thane,Maharashtra,Thane,1915.0,19.2950725886668,72.86263047050878,4.4,1039
Hospital #1460,Thane,Maharashtra,Thane,1915.0,18.978634204054806,73.22055405065026,3.7,26
Hospital #1461,Thane,Maharashtra,Thane,1915.0,19.13838967755329,72.8274409387765,3.9,107
Hospital #1462,Thane,Maharashtra,Thane,1915.0,19.181895368876063,72.94401117932203,4.3,121
Hospital #1463,Thane,Maharashtra,Thane,1915.0,19.18587801554627,72.93061827295952,4.7,1194
Hospital #1464,Thane,Maharashtra,Thane,1915.0,19.367620612622428,72.95148644073306,3.8,55
Hospital #1465,Thane,Maharashtra,Thane,1915.0,19.36309974885665,73.03575996692732,5.0,2
Hospital #1466,Thane,Maharashtra,Thane,1915.0,19.213050737509786,73.02234356630835,4.2,201
Hospital #1467,Thane,Maharashtra,Thane,1915.0,19.07437812422469,73.2080713190315,4.4,147
Hospital #1468,Thane,Maharashtra,Thane,1915.0,19.29261722503072,73.12080530825531,4.2,118
Hospital #1469,Thane,Maharashtra,Thane,1915.0,19.185149269154287,73.08572378076835,3.9,1011
Hospital #1470,Thane,Maharashtra,Thane,1915.0,19.19329113974238,72.91542046586574,5.0,5
Hospital #1471,Thane,Maharashtra,Thane,1915.0,19.454402323572538,73.00601826285448,3.5,37
Hospital #1472,Thane,Maharashtra,Thane,1915.0,19.45723204404085,72.85099786451177,3.4,253
Hospital #1473,Thane,Maharashtra,Thane,1915.0,19.30402098659693,72.96457428818043,4.2,171
Hospital #1474,Thane,Maharashtra,Thane,1915.0,19.14878062814845,73.01879689407198,4.0,1193
Hospital #1475,Thane,Maharashtra,Thane,1915.0,19.20488533335889,72.95179806525134,3.6,37
Hospital #1476,Thane,Maharashtra,Thane,1915.0,19.27335599313731,72.89642348401884,4.5,24
Hospital #1477,Thane,Maharashtra,Thane,1915.0,19.149374338779417,73.11546214440837,4.1,174
Hospital #1478,Thane,Maharashtra,Thane,1915.0,19.116768041556107,73.04665585001989,4.4,73
Hospital #1479,Thane,Maharashtra,Thane,1915.0,18.95449023261245,72.80386856231338,4.7,11503
Hospital #1480,Thane,Maharashtra,Thane,1915.0,19.22913620644832,72.96047073873874,4.0,262
Hospital #1481,Thane,Maharashtra,Thane,1915.0,19.28976578212232,72.85917008405994,4.2,116
Hospital #1482,Thane,Maharashtra,Thane,1915.0,18.862840573143977,73.0196018782535,2.7,25
Hospital #1483,Thane,Maharashtra,Thane,1915.0,19.17195457653162,73.06811402761542,4.3,33
Hospital #1484,Thane,Maharashtra,Thane,1915.0,19.283409830665224,73.14115192734734,2.7,41
Hospital #1485,Thane,Maharashtra,Thane,1915.0,19.09533936336643,72.96193396819712,3.8,119
Hospital #1486,Thane,Maharashtra,Thane,1915.0,19.227322258180426,72.98092211392327,4.3,58
Hospital #1487,Thane,Maharashtra,Thane,1915.0,19.308437690714648,73.08956366227551,4.2,94
Hospital #1488,Thane,Maharashtra,Thane,1915.0,19.19973818299876,73.1748929630788,4.4,48
Hospital #1489,Thane,Maharashtra,Thane,1915.0,19.21163516765257,72.95897348204798,3.3,269
Hospital #1490,Thane,Maharashtra,Thane,1915.0,19.059978736479824,73.18836609298292,4.9,2
Hospital #1491,Thane,Maharashtra,Thane,1915.0,19.365070099259373,72.99042076644018,5.0,6
Hospital #1492,Thane,Maharashtra,Thane,1915.0,19.33346567323769,72.84681478523467,4.2,134
Hospital #1493,Thane,Maharashtra,Thane,1915.0,19.238282772623823,72.9976370535274,5.0,20
Hospital #1494,Berhampur,Orissa,Ganjam,430.0,19.3148125,84.7906179,3.7,255
Hospital #1495,Berhampur,Orissa,Ganjam,430.0,20.44298682888528,85.9777791735715,4.5,11
Hospital #1496,Bhubaneswar,Orissa,Khordha,800.0,20.25183123572284,85.80985530975207,3.3,237
Hospital #1497,Bhubaneswar,Orissa,Khordha,800.0,20.28168387158812,85.86872016342045,3.9,72
Hospital #1498,Bhubaneswar,Orissa,Khordha,800.0,20.322373219171944,85.82727640507804,4.3,5351
Hospital #1499,Bhubaneswar,Orissa,Khordha,800.0,20.29193972904532,85.89177385673797,3.6,1146
Hospital #1500,Bhubaneswar,Orissa,Khordha,800.0,20.284133046578813,85.79216292825868,4.3,125
Hospital #1501,Bhubaneswar,Orissa,Khordha,800.0,20.255147823792328,85.83250722211437,4.5,3163
Hospital #1502,Bhubaneswar,Orissa,Khordha,800.0,20.238380490676462,85.83622958500285,3.6,666
Hospital #1503,Bhubaneswar,Orissa,Khordha,800.0,20.274471881812683,85.83645972083465,4.8,4778
Hospital #1504,Bhubaneswar,Orissa,Khordha,800.0,20.331335927677475,85.78203197841015,4.5,4190
Hospital #1505,Cuttack,Orissa,Cuttack,666.0,20.433747936123943,85.8533186281858,4.8,1500
Hospital #1506,Cuttack,Orissa,Cuttack,666.0,20.4434734027206,85.91959472985437,3.9,122
Hospital #1507,Cuttack,Orissa,Cuttack,666.0,20.48993060893257,85.84986901600615,4.2,1791
Hospital #1508,Cuttack,Orissa,Cuttack,666.0,20.459999810370807,85.8603168072473,3.1,81
Hospital #1509,Pondicherry,Pondicherry,Puducherry,3232.0,11.941063204519338,79.7667371803582,4.8,1463
Hospital #1510,Pondicherry,Pondicherry,Puducherry,3232.0,11.95328702407092,79.82427044058247,4.4,780
Hospital #1511,Amritsar,Punjab,Amritsar,932.0,31.67001697982494,74.86997281331071,4.1,229
Hospital #1512,Amritsar,Punjab,Amritsar,932.0,31.48020483127508,74.87885514082613,3.5,16
Hospital #1513,Amritsar,Punjab,Amritsar,932.0,31.69658774809397,74.94588542112182,4.0,70
Hospital #1514,Amritsar,Punjab,Amritsar,932.0,31.649975263823013,74.7984738787369,3.3,189
Hospital #1515,Amritsar,Punjab,Amritsar,932.0,31.72864205058165,74.92747060218434,3.4,28
Hospital #1516,Amritsar,Punjab,Amritsar,932.0,31.677607671522544,74.89508279959236,4.3,202
Hospital #1517,Amritsar,Punjab,Amritsar,932.0,31.635389948198345,74.82973391361945,4.4,265
Hospital #1518,Amritsar,Punjab,Amritsar,932.0,31.6539344184921,74.83488515447594,3.9,392
Hospital #1519,Amritsar,Punjab,Amritsar,932.0,31.78924187900413,74.8517835593617,3.4,57
Hospital #1520,Amritsar,Punjab,Amritsar,932.0,31.6196999026371,74.83862040021633,3.6,203
Hospital #1521,Amritsar,Punjab,Amritsar,932.0,31.63398030376295,74.86201011191521,4.7,3561
Hospital #1522,Amritsar,Punjab,Amritsar,932.0,31.64981504532524,74.84757606307137,4.1,229
Hospital #1523,Amritsar,Punjab,Amritsar,932.0,31.68350848523448,74.86144325399081,3.4,158
Hospital #1524,Amritsar,Punjab,Amritsar,932.0,31.6767745176238,74.90326656847739,4.7,4754
Hospital #1525,Amritsar,Punjab,Amritsar,932.0,31.77757951621988,74.91146063705764,3.5,33
Hospital #1526,Amritsar,Punjab,Amritsar,932.0,31.49984401738673,74.95424698299458,3.6,26
Hospital #1527,Amritsar,Punjab,Amritsar,932.0,31.64256641091324,74.85966201839902,4.4,291
Hospital #1528,Amritsar,Punjab,Amritsar,932.0,31.672222163708195,74.90177394888798,4.3,103
Hospital #1529,Amritsar,Punjab,Amritsar,932.0,31.58655053350192,74.93778147927827,4.1,7
Hospital #1530,Amritsar,Punjab,Amritsar,932.0,31.63761672424326,74.84413958260737,3.3,40
Hospital #1531,Amritsar,Punjab,Amritsar,932.0,31.62293873369967,75.01637908722003,3.0,45
Hospital #1532,Amritsar,Punjab,Amritsar,932.0,31.631397033572046,74.87529942509747,4.3,90
Hospital #1533,Amritsar,Punjab,Amritsar,932.0,31.731162835942285,74.6542973131273,3.5,12
Hospital #1534,Amritsar,Punjab,Amritsar,932.0,31.690912374941743,74.87829747287053,4.1,110
Hospital #1535,Amritsar,Punjab,Amritsar,932.0,31.64607556148121,74.90186650533289,4.8,754
Hospital #1536,Amritsar,Punjab,Amritsar,932.0,31.680387219935668,74.8922236459625,4.3,140
Hospital #1537,Amritsar,Punjab,Amritsar,932.0,31.649309903361484,74.8067750108304,4.4,204
Hospital #1538,Amritsar,Punjab,Amritsar,932.0,31.610968136379107,74.87428314849133,3.7,43
Hospital #1539,Amritsar,Punjab,Amritsar,932.0,31.58481826230416,74.84131035781007,4.5,302
Hospital #1540,Amritsar,Punjab,Amritsar,932.0,31.66975491889263,74.84409127824786,4.6,815
Hospital #1541,Amritsar,Punjab,Amritsar,932.0,31.63867685570297,74.87573290772974,3.5,108
Hospital #1542,Amritsar,Punjab,Amritsar,932.0,31.62515359160503,74.83597827767102,4.8,1133
Hospital #1543,Amritsar,Punjab,Amritsar,932.0,31.731307046868828,74.98156187695862,3.3,43
Hospital #1544,Amritsar,Punjab,Amritsar,932.0,31.628543342744315,74.90251171196611,3.6,203
Hospital #1545,Amritsar,Punjab,Amritsar,932.0,31.63734335422861,74.80500099246197,5.0,276
Hospital #1546,Amritsar,Punjab,Amritsar,932.0,31.45077601051507,75.01297909483512,4.0,15
Hospital #1547,Amritsar,Punjab,Amritsar,932.0,31.630599227182863,74.96758229875037,3.1,61
Hospital #1548,Amritsar,Punjab,Amritsar,932.0,31.6486907678714,74.84321752187967,4.2,108
Hospital #1549,Amritsar,Punjab,Amritsar,932.0,31.686505159621184,74.9157942894048,3.9,220
Hospital #1550,Amritsar,Punjab,Amritsar,932.0,31.68688369740429,74.8930320136314,4.3,646
Hospital #1551,Amritsar,Punjab,Amritsar,932.0,31.65572035343482,74.90967957437987,4.7,442
Hospital #1552,Amritsar,Punjab,Amritsar,932.0,30.283244733355343,74.91821373503817,3.7,34
Hospital #1553,Amritsar,Punjab,Amritsar,932.0,30.11837227142233,74.76661150879046,5.0,2
Hospital #1554,Bhatinda,Punjab,Bathinda,414.0,30.22794851100356,74.91656009956498,4.0,116
Hospital #1555,Bhatinda,Punjab,Bathinda,414.0,30.117606999654388,75.11152500736591,4.9,1
Hospital #1556,Bhatinda,Punjab,Bathinda,414.0,30.200765062251584,74.94147918837251,4.1,1119
Hospital #1557,Bhatinda,Punjab,Bathinda,414.0,30.20720177677549,74.91626381110984,4.7,927
Hospital #1558,Bhatinda,Punjab,Bathinda,414.0,30.232044486193587,74.93020139666206,4.8,476
Hospital #1559,Gurdaspur,Punjab,Gurdaspur,649.0,31.8104375,75.2131179,3.5,18
Hospital #1560,Jalandhar,Punjab,Jalandhar,831.0,31.312827079183943,75.6218721025013,4.4,370
Hospital #1561,Jalandhar,Punjab,Jalandhar,831.0,31.28190788685325,75.67874978970862,3.8,76
Hospital #1562,Jalandhar,Punjab,Jalandhar,831.0,31.34012955648713,75.5703724487932,4.8,3545
Hospital #1563,Jalandhar,Punjab,Jalandhar,831.0,31.37221296330906,75.5516159124149,4.5,984
Hospital #1564,Jalandhar,Punjab,Jalandhar,831.0,31.392852097055155,75.55849740796795,4.5,1861
Hospital #1565,Jalandhar,Punjab,Jalandhar,831.0,31.30983525888372,75.61109163555444,4.2,423
Hospital #1566,Jalandhar,Punjab,Jalandhar,831.0,31.507704981588446,75.72542179064563,3.4,33
Hospital #1567,Jalandhar,Punjab,Jalandhar,831.0,31.27801261704972,75.55422721407257,4.1,395
Hospital #1568,Jalandhar,Punjab,Jalandhar,831.0,31.27579457290228,75.63298834390051,4.1,171
Hospital #1569,Jalandhar,Punjab,Jalandhar,831.0,31.314108884637168,75.56306565250333,4.0,79
Hospital #1570,Jalandhar,Punjab,Jalandhar,831.0,31.383173757603696,75.57036288618833,4.2,1574
Hospital #1571,Jalandhar,Punjab,Jalandhar,831.0,31.41448998904188,75.57776894570442,4.5,145
Hospital #1572,Jalandhar,Punjab,Jalandhar,831.0,31.273031204068765,75.56481712210734,4.2,216
Hospital #1573,Jalandhar,Punjab,Jalandhar,831.0,31.33419216635825,75.6205442861879,4.6,3349
Hospital #1574,Jalandhar,Punjab,Jalandhar,831.0,31.28896543936625,75.3999903303868,4.0,45
Hospital #1575,Jalandhar,Punjab,Jalandhar,831.0,31.548357544685835,75.72172034390601,3.1,39
Hospital #1576,Jalandhar,Punjab,Jalandhar,831.0,31.54741286323543,75.4405876407264,4.3,7
Hospital #1577,Jalandhar,Punjab,Jalandhar,831.0,31.35131041516585,75.57503630185023,4.8,372
Hospital #1578,Jalandhar,Punjab,Jalandhar,831.0,31.40117812385657,75.61631220697855,4.2,52
Hospital #1579,Jalandhar,Punjab,Jalandhar,831.0,31.234520143398125,75.34955263890375,2.3,69
Hospital #1580,Jalandhar,Punjab,Jalandhar,831.0,31.36218578376532,75.52945772129351,3.7,100
Hospital #1581,Jalandhar,Punjab,Jalandhar,831.0,31.38924411095632,75.57464221470741,4.1,1170
Hospital #1582,Jalandhar,Punjab,Jalandhar,831.0,31.33811054669378,75.57903917033445,3.7,241
Hospital #1583,Jalandhar,Punjab,Jalandhar,831.0,31.33895244821786,75.56004910178075,3.4,111
Hospital #1584,Jallandhar,Punjab,Jalandhar,831.0,31.31503067813125,75.61886215962673,4.5,593
Hospital #1585,Khanna,Punjab,Ludhiana,975.0,30.6958125,76.2346179,4.3,298
Hospital #1586,Ludhiana,Punjab,Ludhiana,975.0,30.86279811935279,75.86919601255148,4.5,502
Hospital #1587,Ludhiana,Punjab,Ludhiana,975.0,30.83267387685389,75.84854697556278,4.2,201
Hospital #1588,Ludhiana,Punjab,Ludhiana,975.0,30.87494167224256,75.83033475110815,4.7,4874
Hospital #1589,Ludhiana,Punjab,Ludhiana,975.0,30.92439947682681,75.74440910037741,3.9,359
Hospital #1590,Ludhiana,Punjab,Ludhiana,975.0,30.91993582466313,75.93392402283429,4.1,88
Hospital #1591,Ludhiana,Punjab,Ludhiana,975.0,30.94543500233825,75.82350489100722,4.9,1224
Hospital #1592,Ludhiana,Punjab,Ludhiana,975.0,30.867944742653293,75.84940783125381,4.7,401
Hospital #1593,Ludhiana,Punjab,Ludhiana,975.0,30.90316753143528,75.89310398313634,4.6,12538
Hospital #1594,Ludhiana,Punjab,Ludhiana,975.0,30.90395453133761,75.81291601783772,3.3,65
Hospital #1595,Ludhiana,Punjab,Ludhiana,975.0,30.947966258426515,75.8701287070648,4.5,81
Hospital #1596,Ludhiana,Punjab,Ludhiana,975.0,30.91112630948084,75.88329567034629,4.0,565
Hospital #1597,Ludhiana,Punjab,Ludhiana,975.0,30.90139929770678,75.82431645070449,4.9,366
Hospital #1598,Ludhiana,Punjab,Ludhiana,975.0,30.903047388766645,75.79122428440378,4.0,306
Hospital #1599,Ludhiana,Punjab,Ludhiana,975.0,30.79154282866237,75.99444719006985,5.0,1
Hospital #1600,Ludhiana,Punjab,Ludhiana,975.0,30.980801328447043,75.9466778498341,3.3,68
Hospital #1601,Ludhiana,Punjab,Ludhiana,975.0,30.93286006114588,75.8714866665786,4.4,458
Hospital #1602,Ludhiana,Punjab,Ludhiana,975.0,30.932105474657696,75.83904517266373,4.4,35
Hospital #1603,Ludhiana,Punjab,Ludhiana,975.0,30.80044804365028,75.80812545684395,3.6,148
Hospital #1604,Ludhiana,Punjab,Ludhiana,975.0,30.88137252041512,75.71701141211011,3.2,239
Hospital #1605,Ludhiana,Punjab,Ludhiana,975.0,30.925651845232498,75.80131294294476,4.9,203
Hospital #1606,Ludhiana,Punjab,Ludhiana,975.0,30.999702926837102,75.83404042200262,4.3,153
Hospital #1607,Ludhiana,Punjab,Ludhiana,975.0,30.90086763933681,75.82245592047146,4.2,235
Hospital #1608,Ludhiana,Punjab,Ludhiana,975.0,30.87995655931528,75.79685473517017,4.5,433
Hospital #1609,Ludhiana,Punjab,Ludhiana,975.0,30.85220973029816,75.8246299854496,4.6,383
Hospital #1610,Mohali,Punjab,Sahibzada Ajit Singh Nagar,830.0,30.753291975957435,76.69520109674349,4.4,6604
Hospital #1611,Mohali,Punjab,Sahibzada Ajit Singh Nagar,830.0,30.78212964128695,76.58264080947717,4.0,1
Hospital #1612,Mohali,Punjab,Sahibzada Ajit Singh Nagar,830.0,30.680168640725427,76.93198297103241,4.1,161
Hospital #1613,Mohali,Punjab,Sahibzada Ajit Singh Nagar,830.0,29.26282404620424,77.66629663671003,3.8,4
Hospital #1614,Mohali,Punjab,Sahibzada Ajit Singh Nagar,830.0,29.355862794689934,76.84463916108469,2.8,12
Hospital #1615,Mohali,Punjab,Sahibzada Ajit Singh Nagar,830.0,30.73031963762544,76.68571435364782,4.6,938
Hospital #1616,Mohali,Punjab,Sahibzada Ajit Singh Nagar,830.0,30.726043195817248,76.7196772271122,4.1,15
Hospital #1617,Mohali,Punjab,Sahibzada Ajit Singh Nagar,830.0,30.325071041247764,76.88146903996697,2.9,127
Hospital #1618,Mohali,Punjab,Sahibzada Ajit Singh Nagar,830.0,30.80193935190072,76.91441203603743,3.9,13
Hospital #1619,Mohali,Punjab,Sahibzada Ajit Singh Nagar,830.0,30.629480593956004,76.76658592762747,4.1,229
Hospital #1620,Mohali,Punjab,Sahibzada Ajit Singh Nagar,830.0,30.67370279701172,76.72803332668342,4.8,6596
Hospital #1621,Pathankot,Punjab,Pathankot,674.0,32.2761875,75.6922429,4.5,2555
Hospital #1622,Pathankot,Punjab,Pathankot,674.0,30.535959924211017,76.5508797418596,4.1,83
Hospital #1623,Patiala,Punjab,Patiala,596.0,30.15651552661864,76.88220606392689,5.0,3
Hospital #1624,Rajpura,Punjab,Patiala,596.0,30.506263693299008,76.63912334396795,4.9,2701
Hospital #1625,Rajpura,Punjab,Patiala,596.0,30.829675464680783,76.7290682629283,4.1,128
Hospital #1626,Ropar,Punjab,Rupnagar,488.0,30.55993275386049,77.05436810950096,4.1,99
Hospital #1627,Zirakapur,Punjab,Sahibzada Ajit Singh Nagar,830.0,30.659475685205848,76.81978715802691,4.4,2325
Hospital #1628,Ajmer,Rajasthan,Ajmer,305.0,26.50783892854033,74.61385482506344,4.6,1951
Hospital #1629,Ajmer,Rajasthan,Ajmer,305.0,26.48688143258144,74.58401761027253,4.2,201
Hospital #1630,Ajmer,Rajasthan,Ajmer,305.0,26.48055778349844,74.60207148104986,3.7,1057
Hospital #1631,Alwar,Rajasthan,Alwar,438.0,27.520419324666463,76.64662474207509,3.3,261
Hospital #1632,Alwar,Rajasthan,Alwar,438.0,27.581356461216323,76.61065067109931,3.2,315
Hospital #1633,Alwar,Rajasthan,Alwar,438.0,27.57217286986951,76.62272899389158,4.5,232
Hospital #1634,Alwar,Rajasthan,Alwar,438.0,27.55361023422692,76.62356409799133,4.2,437
Hospital #1635,Alwar,Rajasthan,Alwar,438.0,27.9808125,76.3833679,4.5,117
Hospital #1636,Alwar,Rajasthan,Alwar,438.0,27.59409887485149,76.75302914284212,5.0,1
Hospital #1637,Alwar,Rajasthan,Alwar,438.0,27.587054186596447,76.49509817123281,5.0,1
Hospital #1638,Balotra,Rajasthan,Balotra,51.0,25.8323125,72.2366179,4.9,36
Hospital #1639,Banswara,Rajasthan,Banswara,399.0,23.5521875,74.4447429,4.0,43
Hospital #1640,Barmer,Rajasthan,Barmer,92.0,25.7325625,71.3984929,4.1,142
Hospital #1641,Bharatpur,Rajasthan,Bharatpur,503.0,27.226104869069484,77.4629650686536,4.4,299
Hospital #1642,Bharatpur,Rajasthan,Bharatpur,503.0,27.232542826837108,77.45810343121533,3.4,181
Hospital #1643,Bhilwara,Rajasthan,Bhilwara,230.0,25.34577849865766,74.63338349000739,4.5,661
Hospital #1644,Bhilwara,Rajasthan,Bhilwara,230.0,25.3036038131892,74.6534495050384,4.4,30
Hospital #1645,Bhilwara,Rajasthan,Bhilwara,230.0,25.34493248185081,74.6972238663431,2.8,205
Hospital #1646,Bhilwara,Rajasthan,Bhilwara,230.0,25.3086922959668,74.66021531149454,4.1,44
Hospital #1647,Bikaner,Rajasthan,Bikaner,78.0,28.019423570780454,73.31143023267009,4.7,1607
Hospital #1648,Bikaner,Rajasthan,Bikaner,78.0,28.015313541725376,73.33073229236592,3.4,337
Hospital #1649,Bikaner,Rajasthan,Bikaner,78.0,28.014804097563104,73.32232552649101,3.6,325
Hospital #1650,Chittorgarh,Rajasthan,Chittorgarh,193.0,24.87231478514838,74.60930053506232,4.1,211
Hospital #1651,Chittorgarh,Rajasthan,Chittorgarh,193.0,24.844133809596496,74.66897088011864,3.8,12
Hospital #1652,Churu,Rajasthan,Churu,148.0,28.2944375,74.9627429,4.4,72
Hospital #1653,Ganganagar,Rajasthan,Sri Ganganagar,179.0,29.90316129756166,73.8589929758762,3.5,178
Hospital #1654,Ganganagar,Rajasthan,Sri Ganganagar,179.0,29.92678066347606,73.8007688793418,3.6,61
Hospital #1655,Hanumangarh Jn,Rajasthan,Hanumangarh,184.0,29.5758125,74.3329929,4.4,79
Hospital #1656,Jaipur,Rajasthan,Jaipur,595.0,26.95100543619544,75.77558427076521,3.2,274
Hospital #1657,Jaipur,Rajasthan,Jaipur,595.0,26.94495039304723,75.72093145292835,4.0,68
Hospital #1658,Jaipur,Rajasthan,Jaipur,595.0,26.85983823704662,75.79952306835885,4.6,4420
Hospital #1659,Jaipur,Rajasthan,Jaipur,595.0,26.87997345012573,75.8294716662425,4.2,1190
Hospital #1660,Jaipur,Rajasthan,Jaipur,595.0,26.881418651275634,75.76685941545925,4.4,709
Hospital #1661,Jaipur,Rajasthan,Jaipur,595.0,26.98252185017717,75.77486699564491,4.6,1732
Hospital #1662,Jaipur,Rajasthan,Jaipur,595.0,26.92649579681308,75.83717709279415,4.4,181
Hospital #1663,Jaipur,Rajasthan,Jaipur,595.0,26.94839653365149,75.81297117458779,4.4,243
Hospital #1664,Jaipur,Rajasthan,Jaipur,595.0,26.92794044267568,75.63581251832369,4.2,1633
Hospital #1665,Jaipur,Rajasthan,Jaipur,595.0,26.838710847417843,75.65722650352448,4.1,229
Hospital #1666,Jaipur,Rajasthan,Jaipur,595.0,26.78307176224513,75.39330811052096,2.8,17
Hospital #1667,Jaipur,Rajasthan,Jaipur,595.0,26.90248133481733,75.6383730799944,4.7,5140
Hospital #1668,Jaipur,Rajasthan,Jaipur,595.0,26.798534507457475,75.8069905309566,4.7,600
Hospital #1669,Jaipur,Rajasthan,Jaipur,595.0,26.77992634858151,75.8176684456512,3.7,151
Hospital #1670,Jaipur,Rajasthan,Jaipur,595.0,26.902165663742306,75.73877811686835,4.4,1507
Hospital #1671,Jaipur,Rajasthan,Jaipur,595.0,26.859422117419548,75.77857301869301,4.7,11876
Hospital #1672,Jaipur,Rajasthan,Jaipur,595.0,26.98093210281976,75.48367601278194,3.7,37
Hospital #1673,Jaipur,Rajasthan,Jaipur,595.0,26.96018627030433,75.68657595027413,3.9,41
Hospital #1674,Jaipur,Rajasthan,Jaipur,595.0,26.886831117770488,75.71228473208832,4.6,108
Hospital #1675,Jaipur,Rajasthan,Jaipur,595.0,26.877947700868177,75.76519126447087,4.7,2014
Hospital #1676,Jaipur,Rajasthan,Jaipur,595.0,26.89600493084501,75.79000663852726,4.7,1450
Hospital #1677,Jaipur,Rajasthan,Jaipur,595.0,27.01355259722932,75.67100602004254,4.1,100
Hospital #1678,Jaipur,Rajasthan,Jaipur,595.0,27.06701140500538,75.94368382327208,3.4,3
Hospital #1679,Jaipur,Rajasthan,Jaipur,595.0,26.99837557562784,75.78980320750298,3.3,3
Hospital #1680,Jaipur,Rajasthan,Jaipur,595.0,26.47862301628504,75.71543800745584,3.4,3
Hospital #1681,Jaipur,Rajasthan,Jaipur,595.0,26.902342585693056,75.83228101164268,3.8,286
Hospital #1682,Jaipur,Rajasthan,Jaipur,595.0,26.89834915632904,75.75985836364006,4.6,570
Hospital #1683,Jaipur,Rajasthan,Jaipur,595.0,26.917966730824205,75.79657415314949,4.4,39
Hospital #1684,Jaipur,Rajasthan,Jaipur,595.0,26.82658014805844,75.72146287150449,4.1,88
Hospital #1685,Jaipur,Rajasthan,Jaipur,595.0,26.86286927001823,75.81123564399893,4.8,4302
Hospital #1686,Jaipur,Rajasthan,Jaipur,595.0,26.86933403399904,75.83713870744826,4.7,88
Hospital #1687,Jaipur,Rajasthan,Jaipur,595.0,26.943102851890664,75.70447308532181,4.4,1406
Hospital #1688,Jaipur,Rajasthan,Jaipur,595.0,26.8137706235784,75.75422735246956,3.4,89
Hospital #1689,Jaipur,Rajasthan,Jaipur,595.0,26.890215976058805,75.81795353610426,4.1,229
Hospital #1690,Jaipur,Rajasthan,Jaipur,595.0,26.844689020307783,75.81731599022031,4.6,468
Hospital #1691,Jaipur,Rajasthan,Jaipur,595.0,26.91810743515387,75.8261632758564,3.2,422
Hospital #1692,Jaipur,Rajasthan,Jaipur,595.0,26.918323138312367,75.86131789352388,4.2,22
Hospital #1693,Jaipur,Rajasthan,Jaipur,595.0,26.935768885723142,75.80095467410382,3.4,275
Hospital #1694,Jaipur,Rajasthan,Jaipur,595.0,26.936029635372343,75.80123154560411,4.2,288
Hospital #1695,Jaipur,Rajasthan,Jaipur,595.0,27.022794540497767,75.70572785189711,4.0,59
Hospital #1696,Jaipur,Rajasthan,Jaipur,595.0,26.912107428214192,75.84152667491061,4.0,115
Hospital #1697,Jaipur,Rajasthan,Jaipur,595.0,26.8882785950126,75.75329544427899,5.0,4
Hospital #1698,Jaipur,Rajasthan,Jaipur,595.0,26.90534368221625,75.72269905798512,3.7,69
Hospital #1699,Jaipur,Rajasthan,Jaipur,595.0,26.767942309713995,75.68268732673941,5.0,2
Hospital #1700,Jaipur,Rajasthan,Jaipur,595.0,26.912971950369062,75.83955397826959,3.9,305
Hospital #1701,Jaipur,Rajasthan,Jaipur,595.0,26.80050184604877,75.81981849848553,4.8,19476
Hospital #1702,Jaipur,Rajasthan,Jaipur,595.0,27.0458652356065,75.55295867018508,5.0,12
Hospital #1703,Jaipur,Rajasthan,Jaipur,595.0,26.951180045319752,75.77638531838633,3.9,41
Hospital #1704,Jaipur,Rajasthan,Jaipur,595.0,26.88866909977895,75.76197990993747,4.3,46
Hospital #1705,Jaipur,Rajasthan,Jaipur,595.0,26.84441428761498,75.81088716147838,4.7,13433
Hospital #1706,Jaipur,Rajasthan,Jaipur,595.0,26.95275024740445,75.80334148981191,4.0,1352
Hospital #1707,Jaipur,Rajasthan,Jaipur,595.0,26.886023157371884,75.80382429031039,4.4,270
Hospital #1708,Jaipur,Rajasthan,Jaipur,595.0,26.880748431345825,75.74786016532369,3.4,131
Hospital #1709,Jaipur,Rajasthan,Jaipur,595.0,26.921954672664,75.78141772233175,3.3,190
Hospital #1710,Jaipur,Rajasthan,Jaipur,595.0,26.94546118240409,75.75312921453269,3.8,125
Hospital #1711,Jaipur,Rajasthan,Jaipur,595.0,26.87018626653732,75.73681022200259,3.5,93
Hospital #1712,Jaipur,Rajasthan,Jaipur,595.0,26.963650955903034,75.78557661575829,5.0,14639
Hospital #1713,Jaipur,Rajasthan,Jaipur,595.0,26.659869089245348,75.81525368194922,3.5,87
Hospital #1714,Jaipur,Rajasthan,Jaipur,595.0,26.828739172787003,75.68307981431512,4.5,120
Hospital #1715,Jaipur,Rajasthan,Jaipur,595.0,26.70120954256944,75.71703796479002,4.3,11
Hospital #1716,Jaipur,Rajasthan,Jaipur,595.0,26.91840303709467,75.79988255578982,4.8,792
Hospital #1717,Jaipur,Rajasthan,Jaipur,595.0,26.88876925608689,75.72518475100458,4.7,11883
Hospital #1718,Jaipur,Rajasthan,Jaipur,595.0,27.067846044109366,75.6914777527788,3.7,66
Hospital #1719,Jaipur,Rajasthan,Jaipur,595.0,26.8706714644692,75.75728786144623,4.8,7402
Hospital #1720,Jaipur,Rajasthan,Jaipur,595.0,26.784573122107105,75.81569361083913,4.1,229
Hospital #1721,Jaipur,Rajasthan,Jaipur,595.0,26.81347898266209,75.75902395442263,4.0,103
Hospital #1722,Jaipur,Rajasthan,Jaipur,595.0,27.003619621041462,75.4406998751912,3.3,26
Hospital #1723,Jaipur,Rajasthan,Jaipur,595.0,26.878798851809435,75.76255446091795,4.2,1037
Hospital #1724,Jaipur,Rajasthan,Jaipur,595.0,26.923363961124984,75.80892581911998,3.5,229
Hospital #1725,Jaipur,Rajasthan,Jaipur,595.0,26.87628914075782,75.72899703785258,4.1,15
Hospital #1726,Jaipur,Rajasthan,Jaipur,595.0,26.896041250719016,75.84483108557637,4.5,1608
Hospital #1727,Jaipur,Rajasthan,Jaipur,595.0,26.908501261129764,75.78244787821937,4.4,49
Hospital #1728,Jaipur,Rajasthan,Jaipur,595.0,26.91293698648656,75.74275995918498,4.1,229
Hospital #1729,Jaipur,Rajasthan,Jaipur,595.0,26.88659010697136,75.75561423398543,4.8,606
Hospital #1730,Jalore City,Rajasthan,Jalore,172.0,25.3394375,72.6261179,4.2,82
Hospital #1731,Jhunjhunu,Rajasthan,Jhunjhunu,361.0,28.1099799316108,75.4136760338313,3.6,48
Hospital #1732,Jhunjhunu,Rajasthan,Jhunjhunu,361.0,28.15667858376338,75.43226882632138,3.3,148
Hospital #1733,Jhunjhunu,Rajasthan,Jhunjhunu,361.0,28.11837543390433,75.40174746735666,4.7,473
Hospital #1734,Jhunjhunu,Rajasthan,Jhunjhunu,361.0,28.143577540834908,75.39152911275686,4.4,44
Hospital #1735,Jhunjhunu,Rajasthan,Jhunjhunu,361.0,28.113717886081147,75.37157153744423,4.7,1739
Hospital #1736,Jodhpur,Rajasthan,Jodhpur,161.0,26.277629910806404,73.00055636515447,3.9,1187
Hospital #1737,Jodhpur,Rajasthan,Jodhpur,161.0,26.278579612532504,73.00084313879714,4.4,918
Hospital #1738,Jodhpur,Rajasthan,Jodhpur,161.0,26.3298211068306,72.96773235924402,4.1,584
Hospital #1739,Jodhpur,Rajasthan,Jodhpur,161.0,26.284597914208764,73.02319161540724,4.9,3044
Hospital #1740,Jodhpur,Rajasthan,Jodhpur,161.0,26.25794696953136,72.99241125635794,4.8,3998
Hospital #1741,Jodhpur,Rajasthan,Jodhpur,161.0,26.290410589968737,72.98227570558149,4.8,3998
Hospital #1742,Jodhpur,Rajasthan,Jodhpur,161.0,26.275672529811366,72.96887004805296,4.8,3998
Hospital #1743,Jodhpur,Rajasthan,Jodhpur,161.0,26.161343367711304,72.95071924589813,2.6,267
Hospital #1744,Jodhpur,Rajasthan,Jodhpur,161.0,26.237541391680253,73.05691027807343,4.3,72
Hospital #1745,Jodhpur,Rajasthan,Jodhpur,161.0,26.2932827003906,73.08228180085445,2.8,279
Hospital #1746,Jodhpur,Rajasthan,Jodhpur,161.0,26.2343109747448,73.00142334925351,4.3,2714
Hospital #1747,Jodhpur,Rajasthan,Jodhpur,161.0,26.323935901171687,72.9243044649589,3.2,94
Hospital #1748,Jodhpur,Rajasthan,Jodhpur,161.0,26.24908813850372,73.03675824371138,4.0,195
Hospital #1749,Jodhpur,Rajasthan,Jodhpur,161.0,26.23471160153408,73.07348618736462,4.0,155
Hospital #1750,Kota,Rajasthan,Kota,374.0,25.150408757539186,75.83251040322483,4.3,222
Hospital #1751,Kota,Rajasthan,Kota,374.0,25.146691785321032,75.81894632496015,4.7,1146
Hospital #1752,Kota,Rajasthan,Kota,374.0,25.142211845624097,75.8156007874591,4.2,519
Hospital #1753,Kota,Rajasthan,Kota,374.0,25.09543229879054,75.81913426140741,4.4,77
Hospital #1754,Kota,Rajasthan,Kota,374.0,25.14717951691612,75.85243576453952,3.7,664
Hospital #1755,Kota,Rajasthan,Kota,374.0,25.09532863815857,75.83183675351154,3.9,50
Hospital #1756,Kota,Rajasthan,Kota,374.0,25.174682092141392,75.7579421812102,4.1,51
Hospital #1757,Kota,Rajasthan,Kota,374.0,25.209555081725405,75.8438796892948,3.0,187
Hospital #1758,Kota,Rajasthan,Kota,374.0,25.16248506057562,75.82526613413793,4.4,2222
Hospital #1759,Kota,Rajasthan,Kota,374.0,25.14963260974831,75.82907377529808,4.4,165
Hospital #1760,Kota,Rajasthan,Kota,374.0,25.290323578032755,75.86592478669989,3.1,48
Hospital #1761,Kota,Rajasthan,Kota,374.0,25.04817376462488,75.86879497193779,3.8,31
Hospital #1762,Kota,Rajasthan,Kota,374.0,25.150278443484908,75.8500957423413,4.6,10
Hospital #1763,Nagaur,Rajasthan,Nagaur,187.0,27.2044375,73.7194929,4.3,159
Hospital #1764,Pali,Rajasthan,Pali,165.0,25.7746875,73.3382429,4.3,434
Hospital #1765,Sawai Madhopur,Rajasthan,Sawai Madhopur,257.0,26.0028125,76.3626179,4.1,19
Hospital #1766,Sikar,Rajasthan,Sikar,346.0,27.3676875,75.5716179,3.9,149
Hospital #1767,Sikar,Rajasthan,Sikar,346.0,27.6224375,75.1578679,3.6,553
Hospital #1768,Sriganganagar,Rajasthan,Sri Ganganagar,179.0,29.91931778787687,73.99417240878208,4.5,2
Hospital #1769,Sriganganagar,Rajasthan,Sri Ganganagar,179.0,29.92787727607307,73.8277620039219,3.8,116
Hospital #1770,Sriganganagar,Rajasthan,Sri Ganganagar,179.0,29.88378473298095,73.90832562690046,4.7,2985
Hospital #1771,Tonk,Rajasthan,Tonk,198.0,26.1541875,75.7887429,3.5,127
Hospital #1772,Udaipur,Rajasthan,Udaipur,242.0,24.612199365410326,73.69075948428667,4.8,2764
Hospital #1773,Udaipur,Rajasthan,Udaipur,242.0,24.595402543628392,73.6916480120233,4.7,9610
Hospital #1774,Udaipur,Rajasthan,Udaipur,242.0,24.59132777600057,73.68513357690782,4.3,3892
Hospital #1775,Udaipur,Rajasthan,Udaipur,242.0,24.63071733491343,73.68938168374783,4.7,738
Hospital #1776,Udaipur,Rajasthan,Udaipur,242.0,24.677769128689945,73.70923915885233,3.8,481
Hospital #1777,Udaipur,Rajasthan,Udaipur,242.0,24.562722381107648,73.67337136946031,4.2,156
Hospital #1778,Udaipur,Rajasthan,Udaipur,242.0,24.59668737583071,73.70112820285154,4.2,732
Hospital #1779,Udaipur,Rajasthan,Udaipur,242.0,24.56954542013578,73.6522379528001,3.8,144
Hospital #1780,Udaipur,Rajasthan,Udaipur,242.0,24.523045199146686,73.75462954869127,3.8,67
Hospital #1781,Chengalpattu,Tamilnadu,Chengalpattu,868.0,12.689887880934442,79.9828459731401,4.3,1000
Hospital #1782,Chennai,Tamilnadu,Chennai,17000.0,12.90019322099933,80.14509212304199,3.9,426
Hospital #1783,Chennai,Tamilnadu,Chennai,17000.0,13.005432420894556,80.25155796697486,4.8,3826
Hospital #1784,Chennai,Tamilnadu,Chennai,17000.0,13.083908919192346,80.24146395172313,3.2,77
Hospital #1785,Chennai,Tamilnadu,Chennai,17000.0,12.975564486880913,80.17703897309299,4.5,429
Hospital #1786,Chennai,Tamilnadu,Chennai,17000.0,13.00770059634218,80.16259561003695,4.3,5142
Hospital #1787,Chennai,Tamilnadu,Chennai,17000.0,12.958083071210512,80.19205277279947,4.3,1179
Hospital #1788,Chennai,Tamilnadu,Chennai,17000.0,13.055036312578633,80.2400836807484,4.7,45904
Hospital #1789,Chennai,Tamilnadu,Chennai,17000.0,13.038263068861848,80.29384095533273,3.9,375
Hospital #1790,Chennai,Tamilnadu,Chennai,17000.0,12.951611608221302,80.08723933360861,3.6,552
Hospital #1791,Chennai,Tamilnadu,Chennai,17000.0,13.08969949586799,80.22049670056326,4.3,83
Hospital #1792,Chennai,Tamilnadu,Chennai,17000.0,13.056629462569074,80.20844002291577,4.6,1634
Hospital #1793,Chennai,Tamilnadu,Chennai,17000.0,13.0275904283063,80.25175359450839,4.2,895
Hospital #1794,Chennai,Tamilnadu,Chennai,17000.0,13.10937331938414,80.27929534875187,4.3,94
Hospital #1795,Chennai,Tamilnadu,Chennai,17000.0,13.138618211546682,80.24856754075628,4.2,157
Hospital #1796,Chennai,Tamilnadu,Chennai,17000.0,13.089595887714651,80.19313787876334,4.2,289
Hospital #1797,Chennai,Tamilnadu,Chennai,17000.0,13.0985185564921,80.32914753934999,4.9,35
Hospital #1798,Chennai,Tamilnadu,Chennai,17000.0,13.217350869238896,80.29322864184404,3.8,469
Hospital #1799,Chennai,Tamilnadu,Chennai,17000.0,13.100613039986776,80.27249135401287,4.5,4960
Hospital #1800,Chennai,Tamilnadu,Chennai,17000.0,13.070289402812136,80.32477924315586,3.8,458
Hospital #1801,Chennai,Tamilnadu,Chennai,17000.0,13.10271666420201,80.25968865125493,3.8,199
Hospital #1802,Chennai,Tamilnadu,Chennai,17000.0,13.061995306371546,80.29149041235202,3.6,89
Hospital #1803,Chennai,Tamilnadu,Chennai,17000.0,13.076144658046466,80.12585127283982,3.9,496
Hospital #1804,Chennai,Tamilnadu,Chennai,17000.0,13.07026883254548,80.23594751810234,4.9,14663
Hospital #1805,Chennai,Tamilnadu,Chennai,17000.0,13.083681800215196,80.23612188128617,4.1,229
Hospital #1806,Chennai,Tamilnadu,Chennai,17000.0,13.087841131098372,80.23801368883493,4.8,15544
Hospital #1807,Chennai,Tamilnadu,Chennai,17000.0,13.0997351258393,80.20679562405216,4.1,229
Hospital #1808,Chennai,Tamilnadu,Chennai,17000.0,13.067159894145911,80.13487410450051,4.7,45904
Hospital #1809,Chennai,Tamilnadu,Chennai,17000.0,12.971291934656424,80.23127113663195,4.7,9845
Hospital #1810,Chennai,Tamilnadu,Chennai,17000.0,13.040217625327454,80.250353248287,4.8,3216
Hospital #1811,Chennai,Tamilnadu,Chennai,17000.0,13.066332022283271,80.26108848679517,4.3,272
Hospital #1812,Chennai,Tamilnadu,Chennai,17000.0,12.840999019316232,80.16014350495274,3.4,48
Hospital #1813,Chennai,Tamilnadu,Chennai,17000.0,13.056522535748837,80.2062725910706,3.5,306
Hospital #1814,Chennai,Tamilnadu,Chennai,17000.0,13.040800435635935,80.2198098759421,4.6,977
Hospital #1815,Chennai,Tamilnadu,Chennai,17000.0,13.052376189626276,80.24765035849298,4.4,1337
Hospital #1816,Chennai,Tamilnadu,Chennai,17000.0,12.946530487233904,80.2382039795677,4.5,2
Hospital #1817,Chennai,Tamilnadu,Chennai,17000.0,13.096581759446682,80.21707477498977,4.0,1485
Hospital #1818,Chennai,Tamilnadu,Chennai,17000.0,13.094707679016402,80.21279424222074,4.0,1485
Hospital #1819,Chennai,Tamilnadu,Chennai,17000.0,13.08867684754336,80.24818388845864,3.9,290
Hospital #1820,Chennai,Tamilnadu,Chennai,17000.0,12.885911102272733,80.19205520861522,3.9,150
Hospital #1821,Chennai,Tamilnadu,Chennai,17000.0,12.988690238394168,80.24229391455728,3.3,229
Hospital #1822,Chennai,Tamilnadu,Chennai,17000.0,12.8281744006356,80.2235421357391,4.2,1438
Hospital #1823,Chennai,Tamilnadu,Chennai,17000.0,13.172084442847783,80.29943579974773,4.3,822
Hospital #1824,Chennai,Tamilnadu,Chennai,17000.0,13.019649454350574,80.1455149119585,4.4,563
Hospital #1825,Chennai,Tamilnadu,Chennai,17000.0,12.896134063862108,80.1577694691995,3.9,158
Hospital #1826,Chennai,Tamilnadu,Chennai,17000.0,13.07530854365524,80.1162926344753,3.9,289
Hospital #1827,Chennai,Tamilnadu,Chennai,17000.0,13.059173171848109,80.21531044623698,4.7,2099
Hospital #1828,Chennai,Tamilnadu,Chennai,17000.0,13.151841429519044,80.14606075716927,3.6,128
Hospital #1829,Chennai,Tamilnadu,Chennai,17000.0,12.84165968033998,80.36469607564652,3.9,8
Hospital #1830,Chennai,Tamilnadu,Chennai,17000.0,13.131467352138475,80.33221866547521,3.7,75
Hospital #1831,Chennai,Tamilnadu,Chennai,17000.0,12.834736135323343,80.07347009276725,2.7,82
Hospital #1832,Chennai,Tamilnadu,Chennai,17000.0,13.250507234510494,80.16419541522238,4.0,41
Hospital #1833,Chennai,Tamilnadu,Chennai,17000.0,13.037020961128285,80.3125557093081,3.5,155
Hospital #1834,Chennai,Tamilnadu,Chennai,17000.0,13.093898728987234,80.23366038125214,4.2,217
Hospital #1835,Chennai,Tamilnadu,Chennai,17000.0,12.94185816047177,80.22167057045459,4.5,359
Hospital #1836,Chennai,Tamilnadu,Chennai,17000.0,12.932732361236404,80.250763288354,4.3,69
Hospital #1837,Chennai,Tamilnadu,Chennai,17000.0,12.932537995700295,80.10450844952837,4.4,5954
Hospital #1838,Chennai,Tamilnadu,Chennai,17000.0,13.164631404296433,80.20128156950365,4.0,146
Hospital #1839,Chennai,Tamilnadu,Chennai,17000.0,13.06980309536139,80.21967818194443,4.2,281
Hospital #1840,Chennai,Tamilnadu,Chennai,17000.0,13.07826630500977,80.17683382449749,4.5,26
Hospital #1841,Chennai,Tamilnadu,Chennai,17000.0,13.26320694302509,80.10976246436243,3.4,53
Hospital #1842,Chennai,Tamilnadu,Chennai,17000.0,12.794524343337152,80.0197289375273,3.9,22
Hospital #1843,Chennai,Tamilnadu,Chennai,17000.0,12.961925501243094,80.146410637474,4.6,644
Hospital #1844,Chennai,Tamilnadu,Chennai,17000.0,13.037393844090222,80.24842981004582,4.7,11375
Hospital #1845,Chennai,Tamilnadu,Chennai,17000.0,13.07933413806828,80.26833861927824,4.5,1243
Hospital #1846,Chennai,Tamilnadu,Chennai,17000.0,12.836752719606077,80.28388989076392,3.2,20
Hospital #1847,Chennai,Tamilnadu,Chennai,17000.0,13.027286052740456,80.27425261188192,3.7,100
Hospital #1848,Chennai,Tamilnadu,Chennai,17000.0,12.90894537921583,80.20750124988047,3.6,108
Hospital #1849,Chennai,Tamilnadu,Chennai,17000.0,13.00702387987003,80.13428650448768,3.9,91
Hospital #1850,Chennai,Tamilnadu,Chennai,17000.0,13.073662093352656,80.20492371810808,3.7,149
Hospital #1851,Chennai,Tamilnadu,Chennai,17000.0,13.094732731510732,80.20346311998027,4.1,261
Hospital #1852,Chennai,Tamilnadu,Chennai,17000.0,13.164159174372486,80.0755388039183,3.5,535
Hospital #1853,Chennai,Tamilnadu,Chennai,17000.0,13.097164556963875,80.18896671073166,4.8,3856
Hospital #1854,Chennai,Tamilnadu,Chennai,17000.0,13.03979932515582,80.21194925431101,2.6,113
Hospital #1855,Chennai,Tamilnadu,Chennai,17000.0,13.10829462817501,80.20901771724309,4.6,660
Hospital #1856,Chennai,Tamilnadu,Chennai,17000.0,13.260526513606532,80.31105857123646,3.9,108
Hospital #1857,Chennai,Tamilnadu,Chennai,17000.0,13.108081272160153,80.25878861883692,4.7,3382
Hospital #1858,Chennai,Tamilnadu,Chennai,17000.0,13.106219714256628,80.21641563794859,3.1,232
Hospital #1859,Chennai,Tamilnadu,Chennai,17000.0,12.950038347829445,80.12936505174133,4.6,6598
Hospital #1860,Chennai,Tamilnadu,Chennai,17000.0,13.111489400950385,80.4274001368211,3.6,50
Hospital #1861,Chennai,Tamilnadu,Chennai,17000.0,12.986279575224476,80.24236522118909,4.3,423
Hospital #1862,Chennai,Tamilnadu,Chennai,17000.0,13.07422207661357,80.16455511275984,4.1,809
Hospital #1863,Chennai,Tamilnadu,Chennai,17000.0,13.063049184691824,80.13515489576106,4.3,265
Hospital #1864,Chennai,Tamilnadu,Chennai,17000.0,13.049130993371982,80.34827648079185,3.6,86
Hospital #1865,Chennai,Tamilnadu,Chennai,17000.0,12.946140391690516,80.29711363948813,4.4,39
Hospital #1866,Chennai,Tamilnadu,Chennai,17000.0,13.082909188125504,80.42066760739606,3.0,104
Hospital #1867,Chennai,Tamilnadu,Chennai,17000.0,13.027487793924864,80.19674549540792,3.3,90
Hospital #1868,Chennai,Tamilnadu,Chennai,17000.0,13.058864646315342,80.20601876156651,3.1,268
Hospital #1869,Chennai,Tamilnadu,Chennai,17000.0,12.939485675717403,80.22280445717483,4.2,117
Hospital #1870,Chennai,Tamilnadu,Chennai,17000.0,12.9319987310741,80.08832396023604,4.1,229
Hospital #1871,Chennai,Tamilnadu,Chennai,17000.0,13.138326452010189,80.32252161134956,2.9,90
Hospital #1872,Chennai,Tamilnadu,Chennai,17000.0,13.18889286617447,80.41669093034726,3.6,80
Hospital #1873,Chennai,Tamilnadu,Chennai,17000.0,12.878819431282214,80.25540327424844,3.2,78
Hospital #1874,Chennai,Tamilnadu,Chennai,17000.0,13.377377717157849,80.03355204137664,2.3,45
Hospital #1875,Chennai,Tamilnadu,Chennai,17000.0,13.168701624944266,80.24960788437463,3.6,35
Hospital #1876,Chennai,Tamilnadu,Chennai,17000.0,13.01701725001942,80.19190967565123,3.8,1122
Hospital #1877,Chennai,Tamilnadu,Chennai,17000.0,13.08288791727544,80.21709465637596,4.1,818
Hospital #1878,Chennai,Tamilnadu,Chennai,17000.0,12.990680489918628,80.19989160327323,4.1,365
Hospital #1879,Chennai,Tamilnadu,Chennai,17000.0,13.034175145938336,80.23964559376154,3.9,121
Hospital #1880,Chennai,Tamilnadu,Chennai,17000.0,13.105028824864114,80.17629980938966,3.4,121
Hospital #1881,Chennai,Tamilnadu,Chennai,17000.0,13.006660234292983,80.2026643374702,4.1,604
Hospital #1882,Chennai,Tamilnadu,Chennai,17000.0,13.0869054837042,80.27947319311818,4.9,282
Hospital #1883,Chennai,Tamilnadu,Chennai,17000.0,13.189388329909836,80.25665797795867,4.2,965
Hospital #1884,Chennai,Tamilnadu,Chennai,17000.0,13.096699481123656,80.21455353187416,3.2,38
Hospital #1885,Chennai,Tamilnadu,Chennai,17000.0,13.035515080547883,80.22634426945572,4.6,1634
Hospital #1886,Chennai,Tamilnadu,Chennai,17000.0,13.107573789462432,80.24881420042162,4.1,268
Hospital #1887,Chennai,Tamilnadu,Chennai,17000.0,13.064728828077495,80.24130333488338,4.4,785
Hospital #1888,Chennai,Tamilnadu,Chennai,17000.0,13.026099252140751,80.16734328967468,4.2,684
Hospital #1889,Chennai,Tamilnadu,Chennai,17000.0,13.039128560867198,80.16265643931203,3.5,184
Hospital #1890,Chennai,Tamilnadu,Chennai,17000.0,13.024442783711834,80.22896034151015,4.3,2281
Hospital #1891,Chennai,Tamilnadu,Chennai,17000.0,12.981229979208283,80.22133996195362,4.5,1353
Hospital #1892,Chennai,Tamilnadu,Chennai,17000.0,12.990544135343804,80.17799349083019,4.5,413
Hospital #1893,Chennai,Tamilnadu,Chennai,17000.0,13.066801254699527,80.25089761533889,4.1,243
Hospital #1894,Chennai,Tamilnadu,Chennai,17000.0,12.985040959029376,80.2104737518876,4.2,201
Hospital #1895,Chennai,Tamilnadu,Chennai,17000.0,12.980307942295354,80.20893740938331,4.6,6627
Hospital #1896,Chennai,Tamilnadu,Chennai,17000.0,13.03527176935886,80.2599329548608,4.9,2733
Hospital #1897,Chennai,Tamilnadu,Chennai,17000.0,13.072181390152888,80.18896728900624,4.7,2100
Hospital #1898,Chennai,Tamilnadu,Chennai,17000.0,13.150288094024347,80.1917130067158,4.6,1199
Hospital #1899,Chennai,Tamilnadu,Chennai,17000.0,12.982024549453314,80.26226206631695,4.2,42
Hospital #1900,Chennai,Tamilnadu,Chennai,17000.0,13.081442081416476,80.13980760332248,4.1,229
Hospital #1901,Chennai,Tamilnadu,Chennai,17000.0,13.02592981827354,80.15136312671751,4.4,815
Hospital #1902,Chennai,Tamilnadu,Chennai,17000.0,13.102542569046111,80.34422433749073,3.9,289
Hospital #1903,Chennai,Tamilnadu,Chennai,17000.0,13.094434716004926,80.23620818618518,4.8,2401
Hospital #1904,Chennai,Tamilnadu,Chennai,17000.0,12.9799291609038,80.22598989282767,4.3,1205
Hospital #1905,Chennai,Tamilnadu,Chennai,17000.0,12.928087043395482,80.15761525015297,4.3,172
Hospital #1906,Chennai,Tamilnadu,Chennai,17000.0,13.06664094880389,80.19164329892025,4.6,2480
Hospital #1907,Chennai,Tamilnadu,Chennai,17000.0,12.968623570383894,80.2382963135038,4.7,1310
Hospital #1908,Chennai,Tamilnadu,Chennai,17000.0,13.069473659854552,80.0829823791538,4.6,1979
Hospital #1909,Chennai,Tamilnadu,Chennai,17000.0,13.118786649973313,80.22821326178392,4.7,1615
Hospital #1910,Chennai,Tamilnadu,Chennai,17000.0,13.144312109710391,80.29766394524121,3.3,160
Hospital #1911,Chennai,Tamilnadu,Chennai,17000.0,13.059516427389742,80.18052892369914,4.6,675
Hospital #1912,Chennai,Tamilnadu,Chennai,17000.0,13.07105241872593,80.20062180431626,4.7,2100
Hospital #1913,Chennai,Tamilnadu,Chennai,17000.0,13.018977329062103,80.14541112511803,4.2,201
Hospital #1914,Chennai,Tamilnadu,Chennai,17000.0,13.092692508177484,80.18775314242832,4.5,1397
Hospital #1915,Chennai,Tamilnadu,Chennai,17000.0,12.935517878225792,80.17338409791807,4.2,348
Hospital #1916,Chennai,Tamilnadu,Chennai,17000.0,12.973989220575536,80.2094265929315,4.0,314
Hospital #1917,Chennai,Tamilnadu,Chennai,17000.0,13.122379978101517,80.15041553251079,4.1,229
Hospital #1918,Chennai,Tamilnadu,Chennai,17000.0,13.083656815721834,80.16306369341446,4.7,335
Hospital #1919,Chennai,Tamilnadu,Chennai,17000.0,12.900555971753398,80.233402054185,3.6,305
Hospital #1920,Chennai,Tamilnadu,Chennai,17000.0,13.047360692507777,80.24719878975768,3.6,305
Hospital #1921,Chennai,Tamilnadu,Chennai,17000.0,13.126580337698734,80.26399091959594,3.7,164
Hospital #1922,Chennai,Tamilnadu,Chennai,17000.0,12.994278248844845,80.17348271613655,4.3,284
Hospital #1923,Chennai,Tamilnadu,Chennai,17000.0,13.016965943802674,80.10281320899136,4.3,991
Hospital #1924,Chennai,Tamilnadu,Chennai,17000.0,12.83888095581598,80.16869827299939,4.1,261
Hospital #1925,Chennai,Tamilnadu,Chennai,17000.0,13.079204622772952,80.23177818185111,4.6,7436
Hospital #1926,Chennai,Tamilnadu,Chennai,17000.0,12.900119486700092,80.22025304320223,4.7,769
Hospital #1927,Chennai,Tamilnadu,Chennai,17000.0,12.929142351694672,80.2439421209749,4.3,257
Hospital #1928,Chennai,Tamilnadu,Chennai,17000.0,13.001382064430825,80.17352232726653,4.3,105
Hospital #1929,Coimbatore,Tamilnadu,Coimbatore,748.0,11.124474303428215,76.92308468218621,4.2,199
Hospital #1930,Coimbatore,Tamilnadu,Coimbatore,748.0,11.07331689951555,76.85800190142247,3.9,307
Hospital #1931,Coimbatore,Tamilnadu,Coimbatore,748.0,10.983782398343216,76.84395188328507,3.8,761
Hospital #1932,Coimbatore,Tamilnadu,Coimbatore,748.0,11.09038285544844,76.95083950726207,4.1,562
Hospital #1933,Coimbatore,Tamilnadu,Coimbatore,748.0,11.047143927112035,76.94359506744372,3.4,153
Hospital #1934,Coimbatore,Tamilnadu,Coimbatore,748.0,10.98540148651528,76.9206052648036,2.9,54
Hospital #1935,Coimbatore,Tamilnadu,Coimbatore,748.0,10.99866140487071,76.99351140900451,4.2,2741
Hospital #1936,Coimbatore,Tamilnadu,Coimbatore,748.0,11.105644335403737,76.83312934365237,4.1,129
Hospital #1937,Coimbatore,Tamilnadu,Coimbatore,748.0,10.986201229341606,76.95729923760427,4.8,5926
Hospital #1938,Coimbatore,Tamilnadu,Coimbatore,748.0,11.042816880411294,76.99395345054273,3.2,1576
Hospital #1939,Coimbatore,Tamilnadu,Coimbatore,748.0,11.07166341511427,76.72099926539656,2.7,112
Hospital #1940,Coimbatore,Tamilnadu,Coimbatore,748.0,11.037380870841677,77.02236063759695,3.5,2073
Hospital #1941,Coimbatore,Tamilnadu,Coimbatore,748.0,9.305220018681196,78.87877062459685,3.3,44
Hospital #1942,Coimbatore,Tamilnadu,Coimbatore,748.0,9.36384066861972,78.81704108034313,4.8,67
Hospital #1943,Coimbatore,Tamilnadu,Coimbatore,748.0,11.036765045864882,76.90283586581134,4.8,544
Hospital #1944,Coimbatore,Tamilnadu,Coimbatore,748.0,10.908638715650332,77.19378155595624,3.5,102
Hospital #1945,Coimbatore,Tamilnadu,Coimbatore,748.0,11.088368565292871,76.92012459134159,4.1,325
Hospital #1946,Coimbatore,Tamilnadu,Coimbatore,748.0,11.110297625760282,77.01442108615801,4.4,314
Hospital #1947,Coimbatore,Tamilnadu,Coimbatore,748.0,10.739075062131032,76.97706002292304,3.3,74
Hospital #1948,Coimbatore,Tamilnadu,Coimbatore,748.0,10.993705189453877,77.1519436697456,3.4,132
Hospital #1949,Coimbatore,Tamilnadu,Coimbatore,748.0,11.021687705998684,77.01944836235819,4.0,2082
Hospital #1950,Coimbatore,Tamilnadu,Coimbatore,748.0,10.93050510208137,76.86481440288664,4.1,188
Hospital #1951,Coimbatore,Tamilnadu,Coimbatore,748.0,10.965622148880009,77.08119502503794,4.1,652
Hospital #1952,Coimbatore,Tamilnadu,Coimbatore,748.0,11.056886316007333,77.09513584638432,4.6,5519
Hospital #1953,Coimbatore,Tamilnadu,Coimbatore,748.0,11.006460831777158,76.96293776663545,4.4,1694
Hospital #1954,Coimbatore,Tamilnadu,Coimbatore,748.0,10.944696438832173,76.82837768257853,4.2,76
Hospital #1955,Coimbatore,Tamilnadu,Coimbatore,748.0,11.017538423504815,76.777926448003,3.3,241
Hospital #1956,Coimbatore,Tamilnadu,Coimbatore,748.0,11.044478378714269,76.93465168907186,4.1,229
Hospital #1957,Cuddalore,Tamilnadu,Cuddalore,702.0,11.705866954168648,79.7083072597353,2.9,78
Hospital #1958,Erode,Tamilnadu,Erode,397.0,11.355731095064172,77.72015678139577,4.7,895
Hospital #1959,Erode,Tamilnadu,Erode,397.0,11.409644804998056,77.81326732742949,4.1,229
Hospital #1960,Erode,Tamilnadu,Erode,397.0,11.312918635598855,77.74655713241278,4.0,401
Hospital #1961,Erode,Tamilnadu,Erode,397.0,11.301652154112,77.7454603674892,4.7,812
Hospital #1962,Hosur,Tamilnadu,Krishnagiri,370.0,12.744472746581245,77.80532260692276,4.4,310
Hospital #1963,Hosur,Tamilnadu,Krishnagiri,370.0,12.899479414986931,79.82205424154664,2.0,4
Hospital #1964,Kanchipuram,Tamilnadu,Kanchipuram,704.0,12.904114503572323,80.03034561046296,4.5,174
Hospital #1965,Kanyakumari,Tamilnadu,Kanyakumari,1106.0,10.086975341722706,78.73657486956311,3.8,69
Hospital #1966,Karaikudi,Tamilnadu,Sivaganga,324.0,10.080092762349842,78.69978886302856,4.8,4422
Hospital #1967,Karur,Tamilnadu,Karur,371.0,10.925390886899365,77.97820233384765,4.6,253
Hospital #1968,Karur,Tamilnadu,Karur,371.0,10.965261775667493,78.09204863823176,4.8,5174
Hospital #1969,Madurai,Tamilnadu,Madurai,823.0,9.939013820762074,78.12390625316371,4.3,1414
Hospital #1970,Madurai,Tamilnadu,Madurai,823.0,9.930477725954212,78.13744616899568,4.7,20771
Hospital #1971,Madurai,Tamilnadu,Madurai,823.0,9.930082353387837,78.14781752149008,4.3,210
Hospital #1972,Madurai,Tamilnadu,Madurai,823.0,10.066372090720051,77.98979752000473,4.5,4
Hospital #1973,Madurai,Tamilnadu,Madurai,823.0,9.972990490165344,78.1434941572062,4.1,234
Hospital #1974,Madurai,Tamilnadu,Madurai,823.0,9.992979252741588,78.12667630175481,4.0,372
Hospital #1975,Madurai,Tamilnadu,Madurai,823.0,9.871940309507533,78.14147649113104,4.5,641
Hospital #1976,Madurai,Tamilnadu,Madurai,823.0,9.943742602025663,78.12284083191793,4.2,62
Hospital #1977,Madurai,Tamilnadu,Madurai,823.0,9.949836262369269,78.16287698348978,4.3,2057
Hospital #1978,Madurai,Tamilnadu,Madurai,823.0,9.8765063037625,78.08590958905108,3.7,68
Hospital #1979,Madurai,Tamilnadu,Madurai,823.0,10.02731749154535,78.07017958185592,5.0,1
Hospital #1980,Madurai,Tamilnadu,Madurai,823.0,9.96323004135407,78.10811694932795,4.9,422
Hospital #1981,Madurai,Tamilnadu,Madurai,823.0,9.896561619182904,78.09626719318419,3.8,15
Hospital #1982,Madurai,Tamilnadu,Madurai,823.0,10.07814309718768,78.06187230690112,3.2,7
Hospital #1983,Marthandam,Tamilnadu,Kanyakumari,1106.0,8.149180190132999,77.41312775491309,3.8,134
Hospital #1984,Nagercoil,Tamilnadu,Kanyakumari,1106.0,8.194979784989318,77.37822172153508,3.9,489
Hospital #1985,Nagercoil,Tamilnadu,Kanyakumari,1106.0,8.322551610729874,77.21715390415251,5.0,3
Hospital #1986,Nagercoil,Tamilnadu,Kanyakumari,1106.0,8.174857127447332,77.41556291425789,4.7,698
Hospital #1987,Nagercoil,Tamilnadu,Kanyakumari,1106.0,8.195444507059925,77.41102751323785,4.8,740
Hospital #1988,Namakkal,Tamilnadu,Namakkal,506.0,11.329114852953794,78.15037349539317,4.0,120
Hospital #1989,Namakkal,Tamilnadu,Namakkal,506.0,11.285418746533388,78.01432905203048,3.3,61
Hospital #1990,Namakkal,Tamilnadu,Namakkal,506.0,11.038568975522384,78.23573053367535,4.7,25
Hospital #1991,Ooty,Tamilnadu,Nilgiris,288.0,11.4009375,76.6991179,4.5,1154
Hospital #1992,Pollachi,Tamilnadu,Coimbatore,748.0,10.725191472960976,76.81627342614556,4.9,3
Hospital #1993,Pollachi,Tamilnadu,Coimbatore,748.0,10.67015847944041,76.9993292232717,4.5,511
Hospital #1994,Pollachi,Tamilnadu,Coimbatore,748.0,10.677101094808297,77.01087919674023,3.8,147
Hospital #1995,Pudukkottai,Tamilnadu,Pudukkottai,348.0,10.3764375,78.8222429,4.7,1452
Hospital #1996,Salem,Tamilnadu,Salem,663.0,11.597236114663753,77.93108575577611,3.6,65
Hospital #1997,Salem,Tamilnadu,Salem,663.0,11.657328431807386,78.13337469201545,4.9,2260
Hospital #1998,Salem,Tamilnadu,Salem,663.0,11.669116944550687,78.2778081910936,2.9,223
Hospital #1999,Salem,Tamilnadu,Salem,663.0,11.634590953116607,78.12343070309844,4.3,1916
Hospital #2000,Salem,Tamilnadu,Salem,663.0,11.718552219269814,78.14095402793929,4.0,644
Hospital #2001,Salem,Tamilnadu,Salem,663.0,11.65889722783379,78.1729452293784,4.5,2200
Hospital #2002,Salem,Tamilnadu,Salem,663.0,11.498743293863132,78.25686289659511,2.9,275
Hospital #2003,Salem,Tamilnadu,Salem,663.0,11.678499447815494,78.13639224434198,3.0,228
Hospital #2004,Salem,Tamilnadu,Salem,663.0,11.63785773586898,78.09583584980297,4.5,330
Hospital #2005,Salem,Tamilnadu,Salem,663.0,11.659537624879375,78.13528879457496,3.8,125
Hospital #2006,Salem,Tamilnadu,Salem,663.0,11.597320461632982,78.17444073558889,4.6,113
Hospital #2007,Salem,Tamilnadu,Salem,663.0,11.70566678653957,78.12069715493884,3.9,223
Hospital #2008,Salem,Tamilnadu,Salem,663.0,11.704839656082626,78.1719595639288,4.3,326
Hospital #2009,Sivakasi,Tamilnadu,Virudhunagar,454.0,9.4529375,77.7993679,4.6,5
Hospital #2010,Thanjavur,Tamilnadu,Thanjavur,691.0,10.751904030780937,79.10158697301918,4.5,2547
Hospital #2011,Thanjavur,Tamilnadu,Thanjavur,691.0,10.797622867894852,79.11306555661443,3.9,590
Hospital #2012,Theni,Tamilnadu,Theni,433.0,9.7296875,77.2831179,4.4,30
Hospital #2013,Tirunelveli,Tamilnadu,Tirunelveli,433.0,8.7109375,77.7239929,3.5,16
Hospital #2014,Tiruppur,Tamilnadu,Tiruppur,476.0,11.169455223376978,77.30550105286738,3.5,177
Hospital #2015,Tiruppur,Tamilnadu,Tiruppur,476.0,11.5777440747511,78.10142903415097,2.5,35
Hospital #2016,Tiruppur,Tamilnadu,Tiruppur,476.0,11.111880222834753,77.27072859628869,4.2,954
Hospital #2017,Tiruvannamalai,Tamilnadu,Tiruvannamalai,399.0,12.2290625,79.0636179,3.4,50
Hospital #2018,Trichy,Tamilnadu,Tiruchirappalli,602.0,10.811309004640272,78.67647261882539,4.6,1497
Hospital #2019,Trichy,Tamilnadu,Tiruchirappalli,602.0,10.909191306212572,78.72334617690987,3.7,33
Hospital #2020,Trichy,Tamilnadu,Tiruchirappalli,602.0,10.85159444323746,78.71487752298037,3.4,54
Hospital #2021,Trichy,Tamilnadu,Tiruchirappalli,602.0,10.836631773636888,78.61646881866776,4.1,128
Hospital #2022,Tuticorin,Tamilnadu,Thoothukudi,378.0,8.846751738456675,78.1232987673502,3.9,257
Hospital #2023,Tuticorin,Tamilnadu,Thoothukudi,378.0,8.83507849371869,78.11993768590918,4.1,229
Hospital #2024,Tuticorin,Tamilnadu,Thoothukudi,378.0,8.799066150615612,78.14783026991783,4.7,464
Hospital #2025,Vellore,Tamilnadu,Vellore,776.0,12.8704375,79.0873679,4.4,2446
Hospital #2026,Hyderabad,Telangana,Hyderabad,18172.0,17.419403534213284,78.39834690683674,4.2,237
Hospital #2027,Hyderabad,Telangana,Hyderabad,18172.0,17.514572280656807,78.52934954584234,3.6,58
Hospital #2028,Hyderabad,Telangana,Hyderabad,18172.0,17.389573599541166,78.50717318766083,3.5,514
Hospital #2029,Hyderabad,Telangana,Hyderabad,18172.0,17.366476696814637,78.50798337789068,4.4,352
Hospital #2030,Hyderabad,Telangana,Hyderabad,18172.0,17.482075313965346,78.33326829406016,3.9,2520
Hospital #2031,Hyderabad,Telangana,Hyderabad,18172.0,17.498350257353152,78.39061430140694,4.1,229
Hospital #2032,Hyderabad,Telangana,Hyderabad,18172.0,17.490884339807447,78.37629957677976,4.2,1592
Hospital #2033,Hyderabad,Telangana,Hyderabad,18172.0,17.374427457274834,78.48342574053689,4.7,4829
Hospital #2034,Hyderabad,Telangana,Hyderabad,18172.0,17.29184702445592,78.49248364622616,3.6,119
Hospital #2035,Hyderabad,Telangana,Hyderabad,18172.0,17.433332730021807,78.41918460449087,4.5,8151
Hospital #2036,Hyderabad,Telangana,Hyderabad,18172.0,17.532292647310623,78.42573678822258,4.4,6665
Hospital #2037,Hyderabad,Telangana,Hyderabad,18172.0,17.427978682583884,78.50182169764068,2.9,62
Hospital #2038,Hyderabad,Telangana,Hyderabad,18172.0,17.49100340428417,78.40423989164272,4.5,2926
Hospital #2039,Hyderabad,Telangana,Hyderabad,18172.0,17.59208652300614,78.37735058698809,3.0,45
Hospital #2040,Hyderabad,Telangana,Hyderabad,18172.0,17.509173658031898,78.58303121256733,3.5,161
Hospital #2041,Hyderabad,Telangana,Hyderabad,18172.0,17.483018970300822,78.55400351549677,3.9,174
Hospital #2042,Hyderabad,Telangana,Hyderabad,18172.0,17.447320546659576,78.41006465707682,4.4,106
Hospital #2043,Hyderabad,Telangana,Hyderabad,18172.0,17.477866021713076,78.36574764172843,4.3,765
Hospital #2044,Hyderabad,Telangana,Hyderabad,18172.0,17.36422548219288,78.58822406752772,4.4,623
Hospital #2045,Hyderabad,Telangana,Hyderabad,18172.0,17.40984326049011,78.53219446755907,3.4,264
Hospital #2046,Hyderabad,Telangana,Hyderabad,18172.0,17.421784352012036,78.47254554741998,4.4,701
Hospital #2047,Hyderabad,Telangana,Hyderabad,18172.0,17.42126979806444,78.45909951122502,3.7,215
Hospital #2048,Hyderabad,Telangana,Hyderabad,18172.0,17.4616027362789,78.43982837186935,4.8,2778
Hospital #2049,Hyderabad,Telangana,Hyderabad,18172.0,17.417216446738514,78.43997501647874,4.7,7694
Hospital #2050,Hyderabad,Telangana,Hyderabad,18172.0,17.30803369390764,78.3969774495788,2.8,241
Hospital #2051,Hyderabad,Telangana,Hyderabad,18172.0,17.27392619045156,78.47938752236358,3.3,268
Hospital #2052,Hyderabad,Telangana,Hyderabad,18172.0,17.414474683109297,78.50025982992351,4.6,695
Hospital #2053,Hyderabad,Telangana,Hyderabad,18172.0,17.449183614301877,78.37494401409784,4.5,8345
Hospital #2054,Hyderabad,Telangana,Hyderabad,18172.0,17.45426019203968,78.43271485357371,4.9,23334
Hospital #2055,Hyderabad,Telangana,Hyderabad,18172.0,17.46862338850184,78.40982220213468,4.5,211
Hospital #2056,Hyderabad,Telangana,Hyderabad,18172.0,17.410574342851444,78.59925990304288,3.4,38
Hospital #2057,Hyderabad,Telangana,Hyderabad,18172.0,17.443861262116794,78.51753106584289,4.4,257
Hospital #2058,Hyderabad,Telangana,Hyderabad,18172.0,17.716992409046863,78.68508483790595,2.8,47
Hospital #2059,Hyderabad,Telangana,Hyderabad,18172.0,17.351492227266103,78.27866988553453,3.3,85
Hospital #2060,Hyderabad,Telangana,Hyderabad,18172.0,17.493599341059717,78.39540646857623,3.9,1060
Hospital #2061,Hyderabad,Telangana,Hyderabad,18172.0,17.470725829436383,78.4522498287069,4.3,580
Hospital #2062,Hyderabad,Telangana,Hyderabad,18172.0,17.354776048046247,78.47126499809063,4.5,588
Hospital #2063,Hyderabad,Telangana,Hyderabad,18172.0,17.351490059087407,78.5507034345611,4.3,5826
Hospital #2064,Hyderabad,Telangana,Hyderabad,18172.0,17.469206216348258,78.3811732478266,3.6,393
Hospital #2065,Hyderabad,Telangana,Hyderabad,18172.0,17.419553812949285,78.46423124159207,4.8,29007
Hospital #2066,Hyderabad,Telangana,Hyderabad,18172.0,17.477105201784198,78.44884050827399,3.4,400
Hospital #2067,Hyderabad,Telangana,Hyderabad,18172.0,17.50434187230603,78.4595115657236,2.8,41
Hospital #2068,Hyderabad,Telangana,Hyderabad,18172.0,17.417158853416403,78.47528659936953,3.7,496
Hospital #2069,Hyderabad,Telangana,Hyderabad,18172.0,17.483328317804315,78.36973105958504,4.7,11009
Hospital #2070,Hyderabad,Telangana,Hyderabad,18172.0,17.41470789516583,78.39131739573547,4.8,31554
Hospital #2071,Hyderabad,Telangana,Hyderabad,18172.0,17.331487433184883,78.51562853552858,4.3,1283
Hospital #2072,Hyderabad,Telangana,Hyderabad,18172.0,17.456585164760124,78.42895042150258,4.1,229
Hospital #2073,Hyderabad,Telangana,Hyderabad,18172.0,17.54411047190667,78.38632693017475,4.1,229
Hospital #2074,Hyderabad,Telangana,Hyderabad,18172.0,17.507536208802076,78.38082254985295,4.4,1997
Hospital #2075,Hyderabad,Telangana,Hyderabad,18172.0,17.482958269587655,78.42745589317829,4.0,34
Hospital #2076,Hyderabad,Telangana,Hyderabad,18172.0,17.497802785336827,78.39630093963774,4.5,534
Hospital #2077,Hyderabad,Telangana,Hyderabad,18172.0,17.500430932615707,78.31898334879678,4.4,143
Hospital #2078,Hyderabad,Telangana,Hyderabad,18172.0,17.48269767483397,78.6053046118147,5.0,776
Hospital #2079,Hyderabad,Telangana,Hyderabad,18172.0,17.361795496972913,78.5754157009483,4.6,2009
Hospital #2080,Hyderabad,Telangana,Hyderabad,18172.0,17.416058133176232,78.43416650984018,4.4,2917
Hospital #2081,Hyderabad,Telangana,Hyderabad,18172.0,17.506067547964044,78.47936815277995,3.7,265
Hospital #2082,Hyderabad,Telangana,Hyderabad,18172.0,17.390011501909317,78.40992699501496,4.7,1285
Hospital #2083,Hyderabad,Telangana,Hyderabad,18172.0,17.385312025153183,78.56335673952411,1.9,372
Hospital #2084,Hyderabad,Telangana,Hyderabad,18172.0,17.42353170732193,78.43424798554672,3.5,239
Hospital #2085,Hyderabad,Telangana,Hyderabad,18172.0,17.17545258706744,78.30930507184124,2.6,36
Hospital #2086,Hyderabad,Telangana,Hyderabad,18172.0,17.678821667124154,78.24809147998111,1.9,372
Hospital #2087,Hyderabad,Telangana,Hyderabad,18172.0,17.282442551366827,78.26033043405177,3.2,126
Hospital #2088,Hyderabad,Telangana,Hyderabad,18172.0,17.425643727189993,78.45519531585785,4.4,1404
Hospital #2089,Hyderabad,Telangana,Hyderabad,18172.0,17.511522458622782,78.4451708190043,3.3,161
Hospital #2090,Hyderabad,Telangana,Hyderabad,18172.0,17.523434964113083,78.38667755008444,4.1,229
Hospital #2091,Hyderabad,Telangana,Hyderabad,18172.0,17.527771382344945,78.44632364340444,4.0,107
Hospital #2092,Hyderabad,Telangana,Hyderabad,18172.0,17.287946382627158,78.5672949329907,4.3,125
Hospital #2093,Hyderabad,Telangana,Hyderabad,18172.0,17.46997564581218,78.47297673246906,4.4,975
Hospital #2094,Hyderabad,Telangana,Hyderabad,18172.0,17.37582057300942,78.58496065057149,4.4,273
Hospital #2095,Hyderabad,Telangana,Hyderabad,18172.0,17.39275685788681,78.56191387351865,3.7,418
Hospital #2096,Hyderabad,Telangana,Hyderabad,18172.0,17.562959244699684,78.19253138582381,3.8,22
Hospital #2097,Hyderabad,Telangana,Hyderabad,18172.0,17.50195315094979,78.39332750855927,4.7,2391
Hospital #2098,Hyderabad,Telangana,Hyderabad,18172.0,17.492257469966585,78.54133023311353,4.5,1295
Hospital #2099,Hyderabad,Telangana,Hyderabad,18172.0,17.496170737004036,78.31963813681949,4.2,201
Hospital #2100,Hyderabad,Telangana,Hyderabad,18172.0,17.465199266442927,78.48189637140341,3.1,214
Hospital #2101,Hyderabad,Telangana,Hyderabad,18172.0,17.277724974236623,78.46563613359184,3.0,49
Hospital #2102,Hyderabad,Telangana,Hyderabad,18172.0,17.333687523477465,78.5833349922618,4.5,122
Hospital #2103,Hyderabad,Telangana,Hyderabad,18172.0,17.371397682789233,78.43114546599888,3.8,42
Hospital #2104,Hyderabad,Telangana,Hyderabad,18172.0,17.480589468611626,78.56899641133843,3.3,175
Hospital #2105,Hyderabad,Telangana,Hyderabad,18172.0,17.460310312677276,78.4308029510205,4.4,1994
Hospital #2106,Hyderabad,Telangana,Hyderabad,18172.0,17.20567472020404,78.51272400765997,3.2,196
Hospital #2107,Hyderabad,Telangana,Hyderabad,18172.0,17.48314603645786,78.36578551525511,4.3,2487
Hospital #2108,Hyderabad,Telangana,Hyderabad,18172.0,17.502270157966965,78.38989411939627,4.0,1068
Hospital #2109,Hyderabad,Telangana,Hyderabad,18172.0,17.419910877312162,78.42099948315372,4.0,1164
Hospital #2110,Hyderabad,Telangana,Hyderabad,18172.0,17.33713865549934,78.06136243067971,2.2,55
Hospital #2111,Hyderabad,Telangana,Hyderabad,18172.0,17.40547683058434,78.4586217534438,4.5,119
Hospital #2112,Hyderabad,Telangana,Hyderabad,18172.0,17.22493716034389,78.3489101647335,2.9,112
Hospital #2113,Hyderabad,Telangana,Hyderabad,18172.0,17.365658391377625,78.5909615245379,4.1,944
Hospital #2114,Hyderabad,Telangana,Hyderabad,18172.0,17.29956313865024,78.44816063780968,4.7,35
Hospital #2115,Hyderabad,Telangana,Hyderabad,18172.0,17.398451488470634,78.42134061881124,4.5,154
Hospital #2116,Hyderabad,Telangana,Hyderabad,18172.0,17.427997241293603,78.45946040429725,2.9,523
Hospital #2117,Hyderabad,Telangana,Hyderabad,18172.0,17.350397016823546,78.49952302692063,4.8,2759
Hospital #2118,Hyderabad,Telangana,Hyderabad,18172.0,17.43902577940231,78.35308380791719,4.9,9258
Hospital #2119,Hyderabad,Telangana,Hyderabad,18172.0,17.49145576933386,78.40042307240674,4.6,145
Hospital #2120,Hyderabad,Telangana,Hyderabad,18172.0,17.643715691920058,78.32467176121725,5.0,1
Hospital #2121,Hyderabad,Telangana,Hyderabad,18172.0,17.529419101445242,78.49180733264606,4.3,1152
Hospital #2122,Hyderabad,Telangana,Hyderabad,18172.0,17.577165738816102,78.06702995134462,3.8,201
Hospital #2123,Hyderabad,Telangana,Hyderabad,18172.0,17.3766995336631,78.39820772700212,4.0,262
Hospital #2124,Hyderabad,Telangana,Hyderabad,18172.0,17.299926681389238,78.43102783789824,3.6,251
Hospital #2125,Hyderabad,Telangana,Hyderabad,18172.0,17.41966560427858,78.5085749837545,3.4,14
Hospital #2126,Hyderabad,Telangana,Hyderabad,18172.0,17.47025821983452,78.20585511880013,5.0,10
Hospital #2127,Hyderabad,Telangana,Hyderabad,18172.0,17.427743669770095,78.44401421635611,4.8,5200
Hospital #2128,Hyderabad,Telangana,Hyderabad,18172.0,17.41468494711116,78.48684351433677,4.0,2227
Hospital #2129,Hyderabad,Telangana,Hyderabad,18172.0,17.458455972581994,78.36255644072014,4.2,1716
Hospital #2130,Hyderabad,Telangana,Hyderabad,18172.0,17.4572777770087,78.36806846978016,3.5,579
Hospital #2131,Hyderabad,Telangana,Hyderabad,18172.0,17.46312655093857,78.34332873662369,4.2,1406
Hospital #2132,Hyderabad,Telangana,Hyderabad,18172.0,17.426325360469693,78.33238524110743,4.7,15233
Hospital #2133,Hyderabad,Telangana,Hyderabad,18172.0,17.451959032997834,78.38155516428807,3.2,433
Hospital #2134,Hyderabad,Telangana,Hyderabad,18172.0,17.463615381200157,78.26545843910554,3.9,60
Hospital #2135,Hyderabad,Telangana,Hyderabad,18172.0,17.51418928808017,78.38388493079007,3.3,58
Hospital #2136,Hyderabad,Telangana,Hyderabad,18172.0,17.519957777231966,78.28931654936328,4.6,638
Hospital #2137,Hyderabad,Telangana,Hyderabad,18172.0,17.38747272545365,78.53537145353431,3.1,226
Hospital #2138,Hyderabad,Telangana,Hyderabad,18172.0,17.46686692769549,78.24051615813966,3.7,106
Hospital #2139,Hyderabad,Telangana,Hyderabad,18172.0,17.301558258564757,78.46994271497475,2.9,114
Hospital #2140,Hyderabad,Telangana,Hyderabad,18172.0,17.38157209884862,78.49779784634461,4.5,3752
Hospital #2141,Hyderabad,Telangana,Hyderabad,18172.0,17.39740678676252,78.48872013829427,4.5,2241
Hospital #2142,Hyderabad,Telangana,Hyderabad,18172.0,17.417037516212087,78.43166039021227,4.7,13816
Hospital #2143,Hyderabad,Telangana,Hyderabad,18172.0,17.47501337651697,78.46729760822392,4.0,180
Hospital #2144,Hyderabad,Telangana,Hyderabad,18172.0,17.368871999181415,78.51599275304784,4.6,461
Hospital #2145,Hyderabad,Telangana,Hyderabad,18172.0,17.365746996747532,78.47378393013643,4.7,3463
Hospital #2146,Hyderabad,Telangana,Hyderabad,18172.0,17.400187642488827,78.51267730659065,2.4,21
Hospital #2147,Hyderabad,Telangana,Hyderabad,18172.0,17.45970549207428,78.53183604849897,4.0,405
Hospital #2148,Hyderabad,Telangana,Hyderabad,18172.0,17.484992966135426,78.42137551159293,5.0,234
Hospital #2149,Hyderabad,Telangana,Hyderabad,18172.0,17.434459346473318,78.61166029442805,2.8,66
Hospital #2150,Hyderabad,Telangana,Hyderabad,18172.0,17.03431547550268,78.43637508913955,5.0,3
Hospital #2151,Hyderabad,Telangana,Hyderabad,18172.0,17.42862579855731,78.46737802097005,4.4,106
Hospital #2152,Hyderabad,Telangana,Hyderabad,18172.0,17.47430613765618,78.35827324951532,4.4,1244
Hospital #2153,Hyderabad,Telangana,Hyderabad,18172.0,17.41028187416829,78.61073591231016,3.7,516
Hospital #2154,Hyderabad,Telangana,Hyderabad,18172.0,17.762124511233417,78.3396263922656,4.1,23
Hospital #2155,Hyderabad,Telangana,Hyderabad,18172.0,17.44589773393785,78.46771992503612,4.7,3678
Hospital #2156,Hyderabad,Telangana,Hyderabad,18172.0,17.379627402531543,78.4546563150614,4.4,487
Hospital #2157,Hyderabad,Telangana,Hyderabad,18172.0,17.365195418187696,78.55158448229649,3.0,271
Hospital #2158,Hyderabad,Telangana,Hyderabad,18172.0,17.290497758010353,78.6120178169927,3.5,83
Hospital #2159,Hyderabad,Telangana,Hyderabad,18172.0,17.254921459514257,78.65374981781213,3.2,80
Hospital #2160,Hyderabad,Telangana,Hyderabad,18172.0,17.40497152364923,78.44569050329693,4.5,5812
Hospital #2161,Hyderabad,Telangana,Hyderabad,18172.0,17.417765248357725,78.51469598191514,4.1,876
Hospital #2162,Hyderabad,Telangana,Hyderabad,18172.0,17.656116677766494,78.32310172948867,3.0,21
Hospital #2163,Hyderabad,Telangana,Hyderabad,18172.0,17.41548009373857,78.54133056176393,3.5,373
Hospital #2164,Hyderabad,Telangana,Hyderabad,18172.0,17.399136465318563,78.45399447396028,4.0,363
Hospital #2165,Hyderabad,Telangana,Hyderabad,18172.0,17.500088612064193,78.40896678788017,4.7,7677
Hospital #2166,Hyderabad,Telangana,Hyderabad,18172.0,17.50068173644437,78.33943409575895,4.4,722
Hospital #2167,Hyderabad,Telangana,Hyderabad,18172.0,17.453533772775344,78.36608426631926,4.3,3213
Hospital #2168,Hyderabad,Telangana,Hyderabad,18172.0,17.48070054042431,78.4137722903099,3.6,393
Hospital #2169,Hyderabad,Telangana,Hyderabad,18172.0,17.424349544267617,78.41020662085839,4.1,1794
Hospital #2170,Hyderabad,Telangana,Hyderabad,18172.0,17.388540116730507,78.53656565510042,4.7,1106
Hospital #2171,Hyderabad,Telangana,Hyderabad,18172.0,17.451108194115186,78.48955743054292,4.5,27601
Hospital #2172,Hyderabad,Telangana,Hyderabad,18172.0,17.420007465148682,78.41749312343035,4.1,229
Hospital #2173,Hyderabad,Telangana,Hyderabad,18172.0,17.43728600500596,78.48545401527788,2.7,148
Hospital #2174,Hyderabad,Telangana,Hyderabad,18172.0,17.493441812244992,78.39145513702202,4.5,2943
Hospital #2175,Hyderabad,Telangana,Hyderabad,18172.0,17.404748608430115,78.44041751622025,4.3,1620
Hospital #2176,Hyderabad,Telangana,Hyderabad,18172.0,17.378775159238938,78.52332596943788,4.6,1069
Hospital #2177,Hyderabad,Telangana,Hyderabad,18172.0,17.360293945827017,78.63929689652298,3.4,17
Hospital #2178,Hyderabad,Telangana,Hyderabad,18172.0,17.461197025933057,78.38829230887687,3.5,65
Hospital #2179,Hyderabad,Telangana,Hyderabad,18172.0,17.462718482383337,78.38818501418379,4.9,9258
Hospital #2180,Hyderabad,Telangana,Hyderabad,18172.0,17.46692062352821,78.42505085797598,4.3,464
Hospital #2181,Hyderabad,Telangana,Hyderabad,18172.0,17.35510187994412,78.54817613395865,3.6,510
Hospital #2182,Hyderabad,Telangana,Hyderabad,18172.0,17.487282846580392,78.41636282200832,4.6,3904
Hospital #2183,Hyderabad,Telangana,Hyderabad,18172.0,17.388651085644327,78.41913783863791,3.9,37
Hospital #2184,Hyderabad,Telangana,Hyderabad,18172.0,17.381708479306536,78.44108449477461,4.7,2728
Hospital #2185,Hyderabad,Telangana,Hyderabad,18172.0,17.47295497675641,78.42704320530959,4.6,3240
Hospital #2186,Hyderabad,Telangana,Hyderabad,18172.0,17.453081036580365,78.45667225709863,4.3,1920
Hospital #2187,Hyderabad,Telangana,Hyderabad,18172.0,17.381885983592106,78.45768766802476,4.4,916
Hospital #2188,Hyderabad,Telangana,Hyderabad,18172.0,17.39595045279658,78.48612863024078,4.4,387
Hospital #2189,Hyderabad,Telangana,Hyderabad,18172.0,17.432525651339503,78.34737662486546,3.9,79
Hospital #2190,Hyderabad,Telangana,Hyderabad,18172.0,17.38694559880537,78.42436464239803,4.4,4324
Hospital #2191,Hyderabad,Telangana,Hyderabad,18172.0,17.396156079216812,78.55010081323196,4.3,3252
Hospital #2192,Hyderabad,Telangana,Hyderabad,18172.0,17.360161487353096,78.53690562435605,4.7,2176
Hospital #2193,Hyderabad,Telangana,Hyderabad,18172.0,17.507810307821174,78.34583127531408,4.8,279
Hospital #2194,Hyderabad,Telangana,Hyderabad,18172.0,17.537916919806005,78.13606310450976,4.4,7
Hospital #2195,Hyderabad,Telangana,Hyderabad,18172.0,17.415175151679357,78.34565335448457,4.1,267
Hospital #2196,Hyderabad,Telangana,Hyderabad,18172.0,17.35897007112155,78.52413990537285,4.3,1103
Hospital #2197,Hyderabad,Telangana,Hyderabad,18172.0,17.505143147268136,78.5416900942104,4.0,1235
Hospital #2198,Hyderabad,Telangana,Hyderabad,18172.0,17.405658122464164,78.39910328799178,4.4,2855
Hospital #2199,Hyderabad,Telangana,Hyderabad,18172.0,17.448900809465727,78.44907378796594,4.8,28773
Hospital #2200,Hyderabad,Telangana,Hyderabad,18172.0,17.485575367929577,78.49899371869596,4.2,48
Hospital #2201,Hyderabad,Telangana,Hyderabad,18172.0,17.484959188622895,78.48916583521049,4.4,273
Hospital #2202,Hyderabad,Telangana,Hyderabad,18172.0,17.422772511028036,78.44245244053268,4.6,16998
Hospital #2203,Hyderabad,Telangana,Hyderabad,18172.0,17.497374469429214,78.54016610024652,3.5,294
Hospital #2204,Hyderabad,Telangana,Hyderabad,18172.0,17.574770923216473,78.47749880224166,3.8,76
Hospital #2205,Hyderabad,Telangana,Hyderabad,18172.0,17.49236200293801,78.41869139696833,4.3,3741
Hospital #2206,Hyderabad,Telangana,Hyderabad,18172.0,17.349505972668087,78.41448100019055,3.6,375
Hospital #2207,Hyderabad,Telangana,Hyderabad,18172.0,17.438681422022526,78.62324861780667,3.0,257
Hospital #2208,Hyderabad,Telangana,Hyderabad,18172.0,17.436535471857226,78.4804150534772,3.9,110
Hospital #2209,Hyderabad,Telangana,Hyderabad,18172.0,17.356592108341154,78.63086452441766,2.9,37
Hospital #2210,Hyderabad,Telangana,Hyderabad,18172.0,17.516326653618634,78.4369296830856,4.1,212
Hospital #2211,Hyderabad,Telangana,Hyderabad,18172.0,17.46392828434174,78.48750264141802,3.4,317
Hospital #2212,Hyderabad,Telangana,Hyderabad,18172.0,17.201374848710618,78.50332353223955,3.7,56
Hospital #2213,Hyderabad,Telangana,Hyderabad,18172.0,17.318470591803017,78.47277547227137,4.0,99
Hospital #2214,Hyderabad,Telangana,Hyderabad,18172.0,17.42372666492462,78.50724183155435,2.9,56
Hospital #2215,Hyderabad,Telangana,Hyderabad,18172.0,17.46113132580953,78.41144903002352,4.2,939
Hospital #2216,Hyderabad,Telangana,Hyderabad,18172.0,17.450304551147394,78.43755469999407,4.2,939
Hospital #2217,Hyderabad,Telangana,Hyderabad,18172.0,17.416859849873774,78.52599097251003,3.3,94
Hospital #2218,Hyderabad,Telangana,Hyderabad,18172.0,17.341596059280832,78.53162654770108,4.5,552
Hospital #2219,Hyderabad,Telangana,Hyderabad,18172.0,17.481570949192175,78.2694930081204,4.0,1
Hospital #2220,Hyderabad,Telangana,Hyderabad,18172.0,17.480998995891166,78.39174673298513,4.4,5263
Hospital #2221,Hyderabad,Telangana,Hyderabad,18172.0,17.802425040263138,78.6608169759451,3.3,19
Hospital #2222,Hyderabad,Telangana,Hyderabad,18172.0,17.331154555981964,78.59615320733619,4.5,632
Hospital #2223,Hyderabad,Telangana,Hyderabad,18172.0,17.498262165530925,78.46211768859933,3.7,597
Hospital #2224,Hyderabad,Telangana,Hyderabad,18172.0,17.468813229599757,78.22248331510272,2.8,155
Hospital #2225,Hyderabad,Telangana,Hyderabad,18172.0,17.497562475755483,78.45115086668724,3.4,48
Hospital #2226,Hyderabad,Telangana,Hyderabad,18172.0,17.08118685741891,78.43931714458922,2.7,26
Hospital #2227,Hyderabad,Telangana,Hyderabad,18172.0,17.40377875885238,78.45878908206518,4.4,2270
Hospital #2228,Hyderabad,Telangana,Hyderabad,18172.0,17.614604347075574,78.37195747968958,3.7,11
Hospital #2229,Hyderabad,Telangana,Hyderabad,18172.0,17.380280040476936,78.40538563523972,3.4,400
Hospital #2230,Hyderabad,Telangana,Hyderabad,18172.0,17.50022986758649,78.3830016661683,3.9,60
Hospital #2231,Hyderabad,Telangana,Hyderabad,18172.0,17.258602107889836,78.36418102678753,3.9,60
Hospital #2232,Hyderabad,Telangana,Hyderabad,18172.0,17.405538759719075,78.44986035801541,4.6,649
Hospital #2233,Hyderabad,Telangana,Hyderabad,18172.0,17.455396612854546,78.32211393513475,4.7,528
Hospital #2234,Hyderabad,Telangana,Hyderabad,18172.0,17.383406539594628,78.300338569165,4.0,28
Hospital #2235,Hyderabad,Telangana,Hyderabad,18172.0,17.25312023710087,78.50867752839153,4.8,3
Hospital #2236,Hyderabad,Telangana,Hyderabad,18172.0,17.37551984789242,78.53493274846039,3.5,64
Hospital #2237,Hyderabad,Telangana,Hyderabad,18172.0,17.412324923212665,78.4683000211713,3.5,12
Hospital #2238,Hyderabad,Telangana,Hyderabad,18172.0,17.133323629653155,78.61180482871576,4.3,7
Hospital #2239,Hyderabad,Telangana,Hyderabad,18172.0,17.487346155368083,78.32604775700105,4.5,154
Hospital #2240,Hyderabad,Telangana,Hyderabad,18172.0,17.430681560793836,78.40899215021423,4.6,3309
Hospital #2241,Hyderabad,Telangana,Hyderabad,18172.0,17.32851440141062,78.33264298298423,3.0,407
Hospital #2242,Hyderabad,Telangana,Hyderabad,18172.0,17.414466785267567,78.48847170004302,4.4,62
Hospital #2243,Hyderabad,Telangana,Hyderabad,18172.0,17.34123470619213,78.60449044522379,3.3,87
Hospital #2244,Hyderabad,Telangana,Hyderabad,18172.0,17.41315732986223,78.47021089266762,4.2,201
Hospital #2245,Hyderabad,Telangana,Hyderabad,18172.0,17.47589193644033,78.5146257721182,4.2,73
Hospital #2246,Hyderabad,Telangana,Hyderabad,18172.0,18.487464640912723,79.23881885076408,4.6,18
Hospital #2247,Hyderabad,Telangana,Hyderabad,18172.0,18.60060658102536,79.25144389495095,4.1,10
Hospital #2248,Hyderabad,Telangana,Hyderabad,18172.0,18.430932360516504,79.07796248886262,4.1,90
Hospital #2249,Hyderabad,Telangana,Hyderabad,18172.0,17.531286417822052,78.32876931213065,3.5,24
Hospital #2250,Hyderabad,Telangana,Hyderabad,18172.0,17.435443472345217,78.40409412976477,4.4,5375
Hospital #2251,Hyderabad,Telangana,Hyderabad,18172.0,17.468920058056764,78.5112466898129,3.2,4
Hospital #2252,Hyderabad,Telangana,Hyderabad,18172.0,17.400325811468893,78.5174681813117,3.9,166
Hospital #2253,Hyderabad,Telangana,Hyderabad,18172.0,17.37237787619939,78.38579606709003,4.7,1374
Hospital #2254,Hyderabad,Telangana,Hyderabad,18172.0,17.424400546408872,78.35580662327773,4.2,22701
Hospital #2255,Hyderabad,Telangana,Hyderabad,18172.0,17.403111109077958,78.39971177374257,4.3,1013
Hospital #2256,Hyderabad,Telangana,Hyderabad,18172.0,17.274804242000343,78.35546139348202,3.4,75
Hospital #2257,Hyderabad,Telangana,Hyderabad,18172.0,17.380333012771086,78.55044225300682,4.8,33
Hospital #2258,Hyderabad,Telangana,Hyderabad,18172.0,17.57181624178519,78.08696477802174,4.1,32
Hospital #2259,Hyderabad,Telangana,Hyderabad,18172.0,17.338000038440946,78.50486402516684,4.2,310
Hospital #2260,Hyderabad,Telangana,Hyderabad,18172.0,17.30775052491987,78.53919450484152,4.5,24
Hospital #2261,Hyderabad,Telangana,Hyderabad,18172.0,17.51986361505774,78.56290112711118,3.6,39
Hospital #2262,Hyderabad,Telangana,Hyderabad,18172.0,17.52378843930604,78.50234994054836,3.1,45
Hospital #2263,Hyderabad,Telangana,Hyderabad,18172.0,17.439091308088123,78.38090479242,4.1,591
Hospital #2264,Hyderabad,Telangana,Hyderabad,18172.0,17.31398069136149,78.56546553232377,4.4,92
Hospital #2265,Hyderabad,Telangana,Hyderabad,18172.0,17.44303524264357,78.37782419645711,4.0,857
Hospital #2266,Hyderabad,Telangana,Hyderabad,18172.0,18.6684375,78.1018679,3.0,172
Hospital #2267,Hyderabad,Telangana,Hyderabad,18172.0,17.086954917599805,78.41265060795119,4.9,1
Hospital #2268,Hyderabad,Telangana,Hyderabad,18172.0,17.54874965907263,78.30241661347,3.4,195
Hospital #2269,Hyderabad,Telangana,Hyderabad,18172.0,17.43243870577775,78.50119362484345,4.7,292
Hospital #2270,Hyderabad,Telangana,Hyderabad,18172.0,17.502439103410293,78.53714755624175,4.4,1977
Hospital #2271,Hyderabad,Telangana,Hyderabad,18172.0,17.413141728084938,78.57409673467924,4.4,2872
Hospital #2272,Hyderabad,Telangana,Hyderabad,18172.0,17.483077146740168,78.31456056017427,4.2,1836
Hospital #2273,Hyderabad,Telangana,Hyderabad,18172.0,17.512200041218648,78.35931045211407,4.2,1592
Hospital #2274,Hyderabad,Telangana,Hyderabad,18172.0,17.413220899860384,78.36221694135445,4.7,399
Hospital #2275,Hyderabad,Telangana,Hyderabad,18172.0,17.37973061370093,78.44841473054258,4.2,718
Hospital #2276,Hyderabad,Telangana,Hyderabad,18172.0,17.491386414806477,78.40589100978949,3.4,367
Hospital #2277,Hyderabad,Telangana,Hyderabad,18172.0,17.42856312911278,78.49520426528488,4.4,42
Hospital #2278,Hyderabad,Telangana,Hyderabad,18172.0,17.369952822122173,78.528413870775,4.8,1028
Hospital #2279,Hyderabad,Telangana,Hyderabad,18172.0,17.3648100007852,78.42704312462095,3.7,171
Hospital #2280,Hyderabad,Telangana,Hyderabad,18172.0,17.380426403806705,78.43185963950117,4.7,1745
Hospital #2281,Hyderabad,Telangana,Hyderabad,18172.0,17.17620582682014,78.58902646838027,2.7,137
Hospital #2282,Hyderabad,Telangana,Hyderabad,18172.0,17.360143295189417,78.48400811196402,3.6,161
Hospital #2283,Hyderabad,Telangana,Hyderabad,18172.0,17.574032345386616,78.48201181239708,4.8,1901
Hospital #2284,Hyderabad,Telangana,Hyderabad,18172.0,17.352025521122847,78.5410125478304,4.6,2009
Hospital #2285,Hyderabad,Telangana,Hyderabad,18172.0,17.327236886750505,78.50661577412097,4.9,6609
Hospital #2286,Hyderabad,Telangana,Hyderabad,18172.0,17.66684557230883,78.34181605253812,3.8,22
Hospital #2287,Hyderabad,Telangana,Hyderabad,18172.0,17.500032702374806,78.3089816558197,4.6,5932
Hospital #2288,Hyderabad,Telangana,Hyderabad,18172.0,17.4718592145114,78.55755895914832,4.4,40
Hospital #2289,Hyderabad,Telangana,Hyderabad,18172.0,17.17573854762234,78.49525118199601,1.6,2
Hospital #2290,Hyderabad,Telangana,Hyderabad,18172.0,17.25049612274931,78.33805722001325,3.0,45
Hospital #2291,Hyderabad,Telangana,Hyderabad,18172.0,17.5994942768053,78.22244863986676,3.3,69
Hospital #2292,Hyderabad,Telangana,Hyderabad,18172.0,17.31560825905455,78.4444378829353,3.1,90
Hospital #2293,Hyderabad,Telangana,Hyderabad,18172.0,17.590194959440396,78.42670177642991,2.6,50
Hospital #2294,Hyderabad,Telangana,Hyderabad,18172.0,17.45551041059393,78.37004079496363,4.8,3489
Hospital #2295,Hyderabad,Telangana,Hyderabad,18172.0,17.352118935374744,78.47848743393435,4.0,152
Hospital #2296,Hyderabad,Telangana,Hyderabad,18172.0,17.58142270792355,78.37106094964413,4.2,46
Hospital #2297,Hyderabad,Telangana,Hyderabad,18172.0,18.533457640695204,79.08379908695252,4.0,16
Hospital #2298,Karimnagar,Telangana,Karimnagar,473.0,18.4385718142881,79.13775186227122,4.7,99
Hospital #2299,Karimnagar,Telangana,Karimnagar,473.0,18.453841519341715,79.12077677403589,4.6,1611
Hospital #2300,Karimnagar,Telangana,Karimnagar,473.0,18.464674753045177,79.12682189652155,4.7,3744
Hospital #2301,Karimnagar,Telangana,Karimnagar,473.0,18.42336010933825,79.09556173491953,3.2,108
Hospital #2302,Karimnagar,Telangana,Karimnagar,473.0,18.413210442957062,79.13404996583256,4.2,134
Hospital #2303,Karimnagar,Telangana,Karimnagar,473.0,18.498185436137035,79.14801322180992,4.7,35
Hospital #2304,Sangareddy,Telangana,Sangareddy,347.0,17.585656597802117,78.10099496054305,4.3,728
Hospital #2305,Secunderabad,Telangana,Hyderabad,18172.0,17.425145186389404,78.45767784657905,3.9,246
Hospital #2306,Secunderabad,Telangana,Hyderabad,18172.0,17.449965849577993,78.52351682185687,4.4,559
Hospital #2307,Secunderabad,Telangana,Hyderabad,18172.0,17.550144083160614,78.4221127617487,4.3,91
Hospital #2308,Secunderabad,Telangana,Hyderabad,18172.0,17.650338204518302,78.80311269537587,2.5,2
Hospital #2309,Secunderabad,Telangana,Hyderabad,18172.0,17.503839508493527,78.53930845936647,4.1,650
Hospital #2310,Secunderabad,Telangana,Hyderabad,18172.0,17.44259438134384,78.46417873264573,4.8,38132
Hospital #2311,Secunderabad,Telangana,Hyderabad,18172.0,17.41033622787153,78.39543925536182,3.2,535
Hospital #2312,Secunderabad,Telangana,Hyderabad,18172.0,17.510990375164347,78.55415822512177,4.1,314
Hospital #2313,Secunderabad,Telangana,Hyderabad,18172.0,17.467844987316095,78.57440948098349,4.7,2438
Hospital #2314,Secunderabad,Telangana,Hyderabad,18172.0,17.526113017795563,78.56088031990424,4.4,14
Hospital #2315,Secunderabad,Telangana,Hyderabad,18172.0,17.409142094708145,78.55658986132812,4.0,355
Hospital #2316,Secunderabad,Telangana,Hyderabad,18172.0,17.489013958823747,78.51391626249413,4.6,547
Hospital #2317,Secunderabad,Telangana,Hyderabad,18172.0,17.46593438222215,78.72724035821125,4.3,33
Hospital #2318,Secunderabad,Telangana,Hyderabad,18172.0,17.74450948572948,78.53810698036597,2.9,82
Hospital #2319,Secunderabad,Telangana,Hyderabad,18172.0,17.43433082671472,78.50341501528915,4.1,650
Hospital #2320,Secunderabad,Telangana,Hyderabad,18172.0,17.31792936774183,78.51445314413273,3.5,144
Hospital #2321,Secunderabad,Telangana,Hyderabad,18172.0,17.4524843801839,78.47591969572733,4.7,6218
Hospital #2322,Secunderabad,Telangana,Hyderabad,18172.0,17.4423091584278,78.55401290101763,4.5,2261
Hospital #2323,Secunderabad,Telangana,Hyderabad,18172.0,17.552688203718397,78.49766825948471,3.6,101
Hospital #2324,Secunderabad,Telangana,Hyderabad,18172.0,17.49191837252859,78.65913483087914,4.0,25
Hospital #2325,Secunderabad,Telangana,Hyderabad,18172.0,17.46860110665735,78.469585857868,4.1,229
Hospital #2326,Secunderabad,Telangana,Hyderabad,18172.0,17.535898638144563,78.6553735328794,3.3,141
Hospital #2327,Secunderabad,Telangana,Hyderabad,18172.0,17.34740958676206,78.53624497886702,3.5,160
Hospital #2328,Secunderabad,Telangana,Hyderabad,18172.0,17.48947910007521,78.58794700604581,3.2,311
Hospital #2329,Secunderabad,Telangana,Hyderabad,18172.0,17.278180114818767,78.43711869459972,2.6,332
Hospital #2330,Secunderabad,Telangana,Hyderabad,18172.0,17.539154069914023,78.48806608060599,3.1,167
Hospital #2331,Secunderabad,Telangana,Hyderabad,18172.0,17.595560537790977,78.23843987752635,2.3,317
Hospital #2332,Secunderabad,Telangana,Hyderabad,18172.0,17.491413378977587,78.48124249711847,4.3,2416
Hospital #2333,Secunderabad,Telangana,Hyderabad,18172.0,17.506192818050796,78.47990034961525,4.0,65
Hospital #2334,Secunderabad,Telangana,Hyderabad,18172.0,17.57266062583637,78.57250839251343,3.7,399
Hospital #2335,Secunderabad,Telangana,Hyderabad,18172.0,17.31932076726549,78.43670164677258,4.9,527
Hospital #2336,Secunderabad,Telangana,Hyderabad,18172.0,17.48088574317732,78.51841507517824,4.3,127
Hospital #2337,Secunderabad,Telangana,Hyderabad,18172.0,17.40711449262477,78.54385419254342,3.8,411
Hospital #2338,Secunderabad,Telangana,Hyderabad,18172.0,17.411775175184843,78.52652685284652,3.0,117
Hospital #2339,Secunderabad,Telangana,Hyderabad,18172.0,17.45438763260253,78.48150463053258,4.1,229
Hospital #2340,Secunderabad,Telangana,Hyderabad,18172.0,17.541216219334597,78.50383765263528,4.7,70
Hospital #2341,Secunderabad,Telangana,Hyderabad,18172.0,17.45267366632326,78.56482324817593,3.9,147
Hospital #2342,Secunderabad,Telangana,Hyderabad,18172.0,17.23853491387903,78.42954817028598,3.0,56
Hospital #2343,Secunderabad,Telangana,Hyderabad,18172.0,17.4441457940758,78.49809603809581,4.7,4009
Hospital #2344,Secunderabad,Telangana,Hyderabad,18172.0,17.489927077148366,78.52419514970548,4.4,1977
Hospital #2345,Secunderabad,Telangana,Hyderabad,18172.0,17.41978790599737,78.57468654460743,3.0,198
Hospital #2346,Secunderabad,Telangana,Hyderabad,18172.0,17.525666201638224,78.12660349241871,3.7,17
Hospital #2347,Warangal,Telangana,Warangal,330.0,17.982367090508976,79.53401870042525,2.6,129
Hospital #2348,Warangal,Telangana,Warangal,330.0,18.0247078881805,79.59306384812342,3.8,49
Hospital #2349,Agra,Uttar Pradesh,Agra,1084.0,27.211651936850096,78.05447954702461,4.0,89
Hospital #2350,Agra,Uttar Pradesh,Agra,1084.0,27.28748050116435,78.09002967359851,4.0,17
Hospital #2351,Agra,Uttar Pradesh,Agra,1084.0,27.91365002500931,78.07883235968856,4.1,229
Hospital #2352,Aligarh,Uttar Pradesh,Aligarh,1007.0,27.91169009674577,78.11040384157936,4.5,427
Hospital #2353,Allahabad,Uttar Pradesh,Prayagraj,1087.0,25.46311372180366,81.84734654446338,4.2,268
Hospital #2354,Allahabad,Uttar Pradesh,Prayagraj,1087.0,25.44014361670341,81.86025401431691,4.0,262
Hospital #2355,Allahabad,Uttar Pradesh,Prayagraj,1087.0,25.44526992490963,81.81054757342218,4.1,595
Hospital #2356,Bareilly,Uttar Pradesh,Bareilly,1084.0,28.37027185923429,79.42715890468963,4.1,229
Hospital #2357,Bareilly,Uttar Pradesh,Bareilly,1084.0,28.37437061639536,79.48599923645169,3.1,305
Hospital #2358,Bareilly,Uttar Pradesh,Bareilly,1084.0,28.45382235617847,79.42293264137311,3.8,21
Hospital #2359,Bareilly,Uttar Pradesh,Bareilly,1084.0,28.400115122774025,79.4231476197572,3.4,71
Hospital #2360,Bareilly,Uttar Pradesh,Bareilly,1084.0,28.36854928855141,79.44863711032649,4.0,262
Hospital #2361,Bareilly,Uttar Pradesh,Bareilly,1084.0,28.4254884049222,79.51275343830767,3.0,231
Hospital #2362,Bareilly,Uttar Pradesh,Bareilly,1084.0,28.45148732644934,79.56940221019421,4.3,4
Hospital #2363,Bareilly,Uttar Pradesh,Bareilly,1084.0,28.318779831726804,79.35261229381078,3.6,33
Hospital #2364,Bareilly,Uttar Pradesh,Bareilly,1084.0,28.33504000005933,79.39089444856788,4.0,262
Hospital #2365,Bareilly,Uttar Pradesh,Bareilly,1084.0,28.360599043476185,79.40656846794779,3.4,92
Hospital #2366,Bareilly,Uttar Pradesh,Bareilly,1084.0,28.35508612461306,79.45359069753096,3.5,173
Hospital #2367,Bareilly,Uttar Pradesh,Bareilly,1084.0,29.386428583328403,78.08908300408568,4.0,262
Hospital #2368,Bareilly,Uttar Pradesh,Bareilly,1084.0,29.417005852203523,78.12737516123306,4.1,229
Hospital #2369,Bareilly,Uttar Pradesh,Bareilly,1084.0,29.542147128106656,78.16940773495115,4.1,5
Hospital #2370,Bijnore,Uttar Pradesh,Bijnor,808.0,29.388658004810743,78.09459577022682,4.0,174
Hospital #2371,"Gautam Buddha 
Nagar",Uttar Pradesh,Gautam Buddha Nagar,1252.0,28.496100387479963,77.4566386398507,4.5,4601
Hospital #2372,Ghaziabad,Uttar Pradesh,Ghaziabad,3967.0,28.811885193952,77.4292537752199,4.1,229
Hospital #2373,Ghaziabad,Uttar Pradesh,Ghaziabad,3967.0,28.86356155773718,77.47052803688693,4.1,229
Hospital #2374,Ghaziabad,Uttar Pradesh,Ghaziabad,3967.0,28.74371588075877,77.4615236929248,4.5,367
Hospital #2375,Ghaziabad,Uttar Pradesh,Ghaziabad,3967.0,28.565421319674115,77.61855780135633,3.0,85
Hospital #2376,Ghaziabad,Uttar Pradesh,Ghaziabad,3967.0,28.726110058631868,77.2058351650591,4.4,405
Hospital #2377,Ghaziabad,Uttar Pradesh,Ghaziabad,3967.0,28.6510326635508,77.34492414297856,3.5,120
Hospital #2378,Ghaziabad,Uttar Pradesh,Ghaziabad,3967.0,28.82311319443077,77.38771976227773,4.1,229
Hospital #2379,Ghaziabad,Uttar Pradesh,Ghaziabad,3967.0,28.73928413702943,77.37579967425492,4.1,229
Hospital #2380,Ghaziabad,Uttar Pradesh,Ghaziabad,3967.0,28.65395871894727,77.31039806944548,4.5,7745
Hospital #2381,Ghaziabad,Uttar Pradesh,Ghaziabad,3967.0,28.712900700593305,77.43577636383026,4.9,2404
Hospital #2382,Ghaziabad,Uttar Pradesh,Ghaziabad,3967.0,28.659293164158704,77.32177060322178,4.0,262
Hospital #2383,Ghaziabad,Uttar Pradesh,Ghaziabad,3967.0,28.657757261154657,77.3694368488924,3.8,460
Hospital #2384,Ghaziabad,Uttar Pradesh,Ghaziabad,3967.0,28.83739566515173,77.17366674277254,3.2,77
Hospital #2385,Ghaziabad,Uttar Pradesh,Ghaziabad,3967.0,28.63456606217249,77.33287408069216,4.5,16465
Hospital #2386,Ghaziabad,Uttar Pradesh,Ghaziabad,3967.0,28.72668136918671,77.25126667456921,4.1,229
Hospital #2387,Ghaziabad,Uttar Pradesh,Ghaziabad,3967.0,28.59875511058824,77.23828578861092,4.2,743
Hospital #2388,Ghaziabad,Uttar Pradesh,Ghaziabad,3967.0,28.64169590966726,77.28125461520115,3.6,464
Hospital #2389,Ghaziabad,Uttar Pradesh,Ghaziabad,3967.0,28.581770186548592,77.41669325140954,4.1,229
Hospital #2390,Ghaziabad,Uttar Pradesh,Ghaziabad,3967.0,29.02756634942827,77.77813916259184,3.8,11
Hospital #2391,Ghaziabad,Uttar Pradesh,Ghaziabad,3967.0,28.688183502051,77.18674101179619,3.8,389
Hospital #2392,Ghaziabad,Uttar Pradesh,Ghaziabad,3967.0,28.62892222861544,77.61028862490758,4.1,229
Hospital #2393,Ghaziabad,Uttar Pradesh,Ghaziabad,3967.0,28.63573111351282,77.55556318453871,3.6,191
Hospital #2394,Ghaziabad,Uttar Pradesh,Ghaziabad,3967.0,28.63074154164376,77.32965818105392,4.0,262
Hospital #2395,Ghaziabad,Uttar Pradesh,Ghaziabad,3967.0,28.6181274061816,77.34770699469432,4.4,1395
Hospital #2396,Ghaziabad,Uttar Pradesh,Ghaziabad,3967.0,28.71398766845013,77.28968095265735,4.0,262
Hospital #2397,Ghaziabad,Uttar Pradesh,Ghaziabad,3967.0,28.64828188851681,77.27551067274268,4.1,229
Hospital #2398,Ghaziabad,Uttar Pradesh,Ghaziabad,3967.0,28.69612126152478,77.31826481493567,4.5,2602
Hospital #2399,Greater Noida,Uttar Pradesh,Gautam Buddha Nagar,1252.0,26.510948986618697,80.31084657415492,4.1,229
Hospital #2400,Greater Noida,Uttar Pradesh,Gautam Buddha Nagar,1252.0,26.48133659628833,80.33653824602139,4.1,229
Hospital #2401,Hapur,Uttar Pradesh,Hapur,2028.0,26.50933882806758,80.3156181590783,4.0,262
Hospital #2402,Jaunpur,Uttar Pradesh,Jaunpur,1108.0,26.47463411466796,80.311055312414,4.1,229
Hospital #2403,Kanpur,Uttar Pradesh,Kanpur Nagar,1415.0,26.5054190328838,80.31091208634912,4.1,586
Hospital #2404,Kanpur,Uttar Pradesh,Kanpur Nagar,1415.0,26.48593697197692,80.31983257392562,4.6,3623
Hospital #2405,Kanpur,Uttar Pradesh,Kanpur Nagar,1415.0,26.449125360266592,80.24926262437262,3.3,38
Hospital #2406,Kanpur,Uttar Pradesh,Kanpur Nagar,1415.0,26.43610118258425,80.29183929137835,3.5,133
Hospital #2407,Kanpur,Uttar Pradesh,Kanpur Nagar,1415.0,26.49374156059829,80.28559160951913,4.1,229
Hospital #2408,Kanpur,Uttar Pradesh,Kanpur Nagar,1415.0,26.46597978868795,80.25209102712621,4.1,229
Hospital #2409,Kanpur,Uttar Pradesh,Kanpur Nagar,1415.0,26.490785022746422,80.28816040471007,4.2,201
Hospital #2410,Kanpur,Uttar Pradesh,Kanpur Nagar,1415.0,26.46648037301991,80.25573723768272,4.0,262
Hospital #2411,Kanpur,Uttar Pradesh,Kanpur Nagar,1415.0,26.489837860277635,80.28111704922891,4.6,3303
Hospital #2412,Kanpur,Uttar Pradesh,Kanpur Nagar,1415.0,26.789695110726896,80.8668847588386,4.1,229
Hospital #2413,Lucknow,Uttar Pradesh,Lucknow,1815.0,26.79570723216157,80.92764482189142,4.1,229
Hospital #2414,Lucknow,Uttar Pradesh,Lucknow,1815.0,26.817726033701035,80.88962834082308,4.6,2788
Hospital #2415,Lucknow,Uttar Pradesh,Lucknow,1815.0,26.85936560655454,80.9944072498972,4.2,201
Hospital #2416,Lucknow,Uttar Pradesh,Lucknow,1815.0,26.858595165291884,80.985576874027,4.4,1163
Hospital #2417,Lucknow,Uttar Pradesh,Lucknow,1815.0,26.87435630150918,80.95631161844891,4.1,229
Hospital #2418,Lucknow,Uttar Pradesh,Lucknow,1815.0,26.85534280997253,80.96062923881632,4.0,50
Hospital #2419,Lucknow,Uttar Pradesh,Lucknow,1815.0,26.85676695048948,80.91331581158865,4.0,40
Hospital #2420,Lucknow,Uttar Pradesh,Lucknow,1815.0,28.991548792737284,77.71281308246776,4.1,229
Hospital #2421,Mathura,Uttar Pradesh,Mathura,761.0,28.95369549778573,77.78270430587447,4.0,262
Hospital #2422,Meerut,Uttar Pradesh,Meerut,1342.0,28.86441991388201,77.67658336946667,4.1,229
Hospital #2423,Meerut,Uttar Pradesh,Meerut,1342.0,29.002484912020144,77.54219316781142,4.1,229
Hospital #2424,Meerut,Uttar Pradesh,Meerut,1342.0,29.23052873344838,77.64524548945687,3.6,59
Hospital #2425,Meerut,Uttar Pradesh,Meerut,1342.0,28.996099147822825,77.72866683738599,4.6,620
Hospital #2426,Meerut,Uttar Pradesh,Meerut,1342.0,29.053834851200985,77.67053366337093,4.1,229
Hospital #2427,Meerut,Uttar Pradesh,Meerut,1342.0,28.968723127584354,77.74423069602665,4.2,201
Hospital #2428,Meerut,Uttar Pradesh,Meerut,1342.0,28.932781451075545,77.90497458333736,4.1,229
Hospital #2429,Meerut,Uttar Pradesh,Meerut,1342.0,29.05967609654296,77.87566495159703,3.3,120
Hospital #2430,Meerut,Uttar Pradesh,Meerut,1342.0,29.105519219778472,77.67793686659672,4.2,18
Hospital #2431,Meerut,Uttar Pradesh,Meerut,1342.0,28.94317373263247,77.68064124932151,4.0,262
Hospital #2432,Meerut,Uttar Pradesh,Meerut,1342.0,28.9526960648396,77.72641044463916,4.1,229
Hospital #2433,Meerut,Uttar Pradesh,Meerut,1342.0,28.90161402245581,77.58313852810714,4.1,229
Hospital #2434,Meerut,Uttar Pradesh,Meerut,1342.0,28.833245991057183,77.72692580940611,4.1,229
Hospital #2435,Meerut,Uttar Pradesh,Meerut,1342.0,28.7520384157407,77.66302750393123,4.0,262
Hospital #2436,Meerut,Uttar Pradesh,Meerut,1342.0,29.01540333635696,77.78723229111408,4.1,229
Hospital #2437,Meerut,Uttar Pradesh,Meerut,1342.0,28.896162620963945,77.7574914836565,4.5,44
Hospital #2438,Meerut,Uttar Pradesh,Meerut,1342.0,28.8044017169334,77.71303390924163,4.1,229
Hospital #2439,Meerut,Uttar Pradesh,Meerut,1342.0,28.97796653725498,77.68365521055867,4.3,149
Hospital #2440,Meerut,Uttar Pradesh,Meerut,1342.0,28.79695042529384,77.91339495349271,3.9,13
Hospital #2441,Meerut,Uttar Pradesh,Meerut,1342.0,28.92787316209236,77.61775256177783,3.6,23
Hospital #2442,Meerut,Uttar Pradesh,Meerut,1342.0,28.91363356533362,77.83952370144416,3.5,41
Hospital #2443,Meerut,Uttar Pradesh,Meerut,1342.0,28.421128473750127,77.67760200798088,2.9,15
Hospital #2444,Meerut,Uttar Pradesh,Meerut,1342.0,29.053291341858845,77.53944115093597,3.3,39
Hospital #2445,Moradabad,Uttar Pradesh,Moradabad,1284.0,28.89479501723613,78.70902958547042,3.3,419
Hospital #2446,Moradabad,Uttar Pradesh,Moradabad,1284.0,28.89009833479036,78.73444512583484,4.6,2160
Hospital #2447,Moradabad,Uttar Pradesh,Moradabad,1284.0,28.84861340690992,78.74333729004535,4.3,753
Hospital #2448,Moradabad,Uttar Pradesh,Moradabad,1284.0,28.746567659899764,78.6596482240212,4.0,3
Hospital #2449,Moradabad,Uttar Pradesh,Moradabad,1284.0,28.61218840050056,77.24310830998363,4.1,229
Hospital #2450,Noida,Uttar Pradesh,Gautam Buddha Nagar,1252.0,28.499541634402547,77.40711818301428,4.2,1983
Hospital #2451,Noida,Uttar Pradesh,Gautam Buddha Nagar,1252.0,28.582169774232703,77.33376022581137,4.7,5583
Hospital #2452,Noida,Uttar Pradesh,Gautam Buddha Nagar,1252.0,28.60030917161282,77.30813173764889,4.6,10840
Hospital #2453,Noida,Uttar Pradesh,Gautam Buddha Nagar,1252.0,28.5499243699274,77.62283606982037,4.1,229
Hospital #2454,Noida,Uttar Pradesh,Gautam Buddha Nagar,1252.0,28.463446451282856,77.57338028917916,3.7,418
Hospital #2455,Noida,Uttar Pradesh,Gautam Buddha Nagar,1252.0,28.485357814624187,77.50805034266263,4.6,3830
Hospital #2456,Noida,Uttar Pradesh,Gautam Buddha Nagar,1252.0,28.57930936351836,77.34954707969314,3.9,1112
Hospital #2457,Noida,Uttar Pradesh,Gautam Buddha Nagar,1252.0,28.523813194686333,77.29453829988188,4.1,679
Hospital #2458,Noida,Uttar Pradesh,Gautam Buddha Nagar,1252.0,28.64064916295991,77.27935889874128,3.9,1397
Hospital #2459,Noida,Uttar Pradesh,Gautam Buddha Nagar,1252.0,28.567781737146525,77.54215181669689,4.1,138
Hospital #2460,Noida,Uttar Pradesh,Gautam Buddha Nagar,1252.0,27.995945349140783,76.91760245026867,4.1,5
Hospital #2461,Noida,Uttar Pradesh,Gautam Buddha Nagar,1252.0,28.612381714900764,77.34314864295455,4.3,727
Hospital #2462,Noida,Uttar Pradesh,Gautam Buddha Nagar,1252.0,28.59422315839865,77.32952241362862,4.2,468
Hospital #2463,Noida,Uttar Pradesh,Gautam Buddha Nagar,1252.0,28.459903621510627,77.50003229958571,4.6,8124
Hospital #2464,Noida,Uttar Pradesh,Gautam Buddha Nagar,1252.0,28.541533465812098,77.36960306973258,4.5,7664
Hospital #2465,Noida,Uttar Pradesh,Gautam Buddha Nagar,1252.0,28.7730775088378,77.09652632915358,2.3,53
Hospital #2466,Noida,Uttar Pradesh,Gautam Buddha Nagar,1252.0,28.48006997229215,77.38402287375041,4.8,20688
Hospital #2467,Noida,Uttar Pradesh,Gautam Buddha Nagar,1252.0,28.62081861328999,77.30745694260705,4.0,4781
Hospital #2468,Noida,Uttar Pradesh,Gautam Buddha Nagar,1252.0,28.5698552346098,77.6949834158782,3.2,169
Hospital #2469,Noida,Uttar Pradesh,Gautam Buddha Nagar,1252.0,28.597196098575605,77.41090800692123,4.8,3424
Hospital #2470,Varanasi,Uttar Pradesh,Varanasi,2399.0,25.305605809931848,82.97562617064342,4.1,229
Hospital #2471,Varanasi,Uttar Pradesh,Varanasi,2399.0,25.30424694913596,82.9667637983623,3.6,349
Hospital #2472,Varanasi,Uttar Pradesh,Varanasi,2399.0,25.28231945749574,82.97140634629079,4.1,229
Hospital #2473,Varanasi,Uttar Pradesh,Varanasi,2399.0,25.283006030881538,83.0128346080091,4.1,93
Hospital #2474,Dehradun,Uttarakhand,Dehradun,550.0,30.298926909208067,78.0126320373548,2.8,121
Hospital #2475,Dehradun,Uttarakhand,Dehradun,550.0,30.37229951303149,78.06725157468809,4.2,4191
Hospital #2476,Dehradun,Uttarakhand,Dehradun,550.0,29.19008396106369,79.51080406777183,4.1,229
Hospital #2477,Dehradun,Uttarakhand,Dehradun,550.0,29.18980880956368,79.47836013380932,3.6,90
Hospital #2478,Haldwani,Uttarakhand,Nainital,225.0,29.2244538740882,79.52199003169333,3.6,416
Hospital #2479,Haldwani,Uttarakhand,Nainital,225.0,29.22213956480213,79.52634453422765,3.9,436
Hospital #2480,Haldwani,Uttarakhand,Nainital,225.0,29.246748664237032,79.49357595816853,4.2,208
Hospital #2481,Haridwar,Uttarakhand,Haridwar,817.0,29.94790055874289,78.09644812173481,4.1,12
Hospital #2482,Haridwar,Uttarakhand,Haridwar,817.0,29.959960474701138,78.08345420210937,3.1,460
Hospital #2483,Haridwar,Uttarakhand,Haridwar,817.0,28.98461088045272,79.38336199153986,4.0,262
Hospital #2484,Rudrapur,Uttarakhand,Udham Singh Nagar,648.0,29.00960091294734,79.48081798213603,4.1,26
Hospital #2485,"Udhamsinghnaga
R",Uttarakhand,Udham Singh Nagar,648.0,29.27567728641193,78.95509252190988,3.9,12
Hospital #2486,"Udhamsinghnaga
R",Uttarakhand,Udham Singh Nagar,648.0,28.9238125,79.9634929,4.0,86
Hospital #2487,"Udhamsinghnaga
R",Uttarakhand,Udham Singh Nagar,648.0,29.1830675295888,78.97554560193896,3.2,145
Hospital #2488,"Udhamsinghnaga
R",Uttarakhand,Udham Singh Nagar,648.0,29.200303573634443,78.95995680480006,4.8,2007
Hospital #2489,Behrampore,West Bengal,Murshidabad,1334.0,23.23133440074692,87.82800027898546,4.0,14
Hospital #2490,Burdhwan,West Bengal,Purba Bardhaman,890.0,23.231002487387467,87.85597546255394,4.6,381
Hospital #2491,Durgapur,West Bengal,Paschim Bardhaman,1798.0,23.60574158823029,87.1470330484934,3.0,12
Hospital #2492,Durgapur,West Bengal,Paschim Bardhaman,1798.0,23.590988821132434,87.32815118230027,3.0,56
Hospital #2493,Durgapur,West Bengal,Paschim Bardhaman,1798.0,23.537077616423563,87.2919351000349,3.8,2374
Hospital #2494,Hooghly,West Bengal,Hooghly,1753.0,22.61858626126097,88.36536941622767,3.1,230
Hospital #2495,Hoogli,West Bengal,Hooghly,1753.0,22.58879812149751,88.39561035896082,3.5,165
Hospital #2496,Hoogli,West Bengal,Hooghly,1753.0,22.72469953203204,88.12326854977726,2.6,144
Hospital #2497,Howrah,West Bengal,Howrah,3300.0,22.56529566282483,88.25226954176303,4.1,4758
Hospital #2498,Howrah,West Bengal,Howrah,3300.0,22.607644925442987,88.30840837356644,3.4,146
Hospital #2499,Howrah,West Bengal,Howrah,3300.0,22.57460315572976,88.30701495681993,4.7,14433
Hospital #2500,Howrah,West Bengal,Howrah,3300.0,22.59270101484417,88.28753970447917,4.1,229
Hospital #2501,Howrah,West Bengal,Howrah,3300.0,22.716708592299742,88.21418294273168,2.8,22
Hospital #2502,Howrah,West Bengal,Howrah,3300.0,22.535779197089568,88.11568593673923,4.6,3251
Hospital #2503,Howrah,West Bengal,Howrah,3300.0,22.62460217872401,87.98875689561632,3.5,56
Hospital #2504,Kolkata,West Bengal,Kolkata,24252.0,22.493266454627275,88.39938402263908,4.5,12888
Hospital #2505,Kolkata,West Bengal,Kolkata,24252.0,22.62001886280614,88.27696501719518,3.2,243
Hospital #2506,Kolkata,West Bengal,Kolkata,24252.0,22.58315239514588,88.3973708037334,4.2,21774
Hospital #2507,Kolkata,West Bengal,Kolkata,24252.0,22.543344161572875,88.4186650556882,3.6,691
Hospital #2508,Kolkata,West Bengal,Kolkata,24252.0,22.70167290288574,88.44569366128356,4.1,229
Hospital #2509,Kolkata,West Bengal,Kolkata,24252.0,22.72145972918716,88.48463252366759,3.0,167
Hospital #2510,Kolkata,West Bengal,Kolkata,24252.0,22.570631042923576,88.39551571996999,4.7,21150
Hospital #2511,Kolkata,West Bengal,Kolkata,24252.0,22.615798545726967,88.45444260730655,4.1,448
Hospital #2512,Kolkata,West Bengal,Kolkata,24252.0,22.445037944937354,88.44310224405183,4.0,11
Hospital #2513,Kolkata,West Bengal,Kolkata,24252.0,22.56350993230441,88.33591300652105,3.4,692
Hospital #2514,Kolkata,West Bengal,Kolkata,24252.0,22.575650306558824,88.42234622349176,3.9,139
Hospital #2515,Kolkata,West Bengal,Kolkata,24252.0,22.65319531004681,88.4179243842554,4.2,142
Hospital #2516,Kolkata,West Bengal,Kolkata,24252.0,22.537453144787087,88.34748163728779,4.4,3589
Hospital #2517,Kolkata,West Bengal,Kolkata,24252.0,22.499209175917294,88.36787440503764,4.6,840
Hospital #2518,Kolkata,West Bengal,Kolkata,24252.0,22.565706608996123,88.28353579812241,4.1,4758
Hospital #2519,Kolkata,West Bengal,Kolkata,24252.0,22.633882209255127,88.4083631267753,4.6,4749
Hospital #2520,Kolkata,West Bengal,Kolkata,24252.0,22.52887119532334,88.29504738322963,4.1,229
Hospital #2521,Kolkata,West Bengal,Kolkata,24252.0,22.53357188208104,88.32868065211133,3.9,1886
Hospital #2522,Kolkata,West Bengal,Kolkata,24252.0,22.57265106956135,88.37989220470904,4.2,409
Hospital #2523,Kolkata,West Bengal,Kolkata,24252.0,22.61175466992723,88.40860576040718,4.0,262
Hospital #2524,Kolkata,West Bengal,Kolkata,24252.0,22.581621046552883,88.38875379742424,4.1,2207
Hospital #2525,Kolkata,West Bengal,Kolkata,24252.0,22.485591952822663,88.37464165264137,4.6,4026
Hospital #2526,Kolkata,West Bengal,Kolkata,24252.0,22.488608136102386,88.32138135020486,3.8,1445
Hospital #2527,Kolkata,West Bengal,Kolkata,24252.0,22.515809781507475,88.34083593671971,4.5,2592
Hospital #2528,Kolkata,West Bengal,Kolkata,24252.0,22.555195377218084,88.43931481856373,3.9,350
Hospital #2529,Kolkata,West Bengal,Kolkata,24252.0,22.600623163518016,88.38637097832114,3.0,207
Hospital #2530,Kolkata,West Bengal,Kolkata,24252.0,22.50256773015964,88.40394103333948,4.7,13716
Hospital #2531,Kolkata,West Bengal,Kolkata,24252.0,22.5051034451229,88.36418442030106,4.7,18570
Hospital #2532,Kolkata,West Bengal,Kolkata,24252.0,22.80447377410865,88.35436257887424,3.7,771
Hospital #2533,Kolkata,West Bengal,Kolkata,24252.0,22.575208054422934,88.36891209811812,4.4,796
Hospital #2534,Kolkata,West Bengal,Kolkata,24252.0,22.61069594288372,88.42716406825171,4.2,3021
Hospital #2535,Kolkata,West Bengal,Kolkata,24252.0,22.532478271787475,88.40205402077743,4.5,6097
Hospital #2536,Kolkata,West Bengal,Kolkata,24252.0,22.541837201913488,88.30751702342522,4.0,262
Hospital #2537,Kolkata,West Bengal,Kolkata,24252.0,22.481657438010288,88.2592998477045,3.6,50
Hospital #2538,Kolkata,West Bengal,Kolkata,24252.0,22.54008588579125,88.40126447638217,4.6,424
Hospital #2539,Kolkata,West Bengal,Kolkata,24252.0,22.672205900313976,88.48858316897608,3.5,168
Hospital #2540,Kolkata,West Bengal,Kolkata,24252.0,22.780276472160967,88.38235547716644,4.0,821
Hospital #2541,Kolkata,West Bengal,Kolkata,24252.0,22.594502762786185,88.47284683504128,4.0,2202
Hospital #2542,Kolkata,West Bengal,Kolkata,24252.0,22.42739305433446,88.31581451631968,4.2,290
Hospital #2543,Kolkata,West Bengal,Kolkata,24252.0,22.515979958037047,88.41410774547742,4.7,6227
Hospital #2544,Kolkata,West Bengal,Kolkata,24252.0,22.688248776854884,88.40775700794327,3.2,298
Hospital #2545,Kolkata,West Bengal,Kolkata,24252.0,22.446746220846805,88.30243334947922,3.9,264
Hospital #2546,Kolkata,West Bengal,Kolkata,24252.0,22.61661274737349,88.44153364288368,4.5,4344
Hospital #2547,Kolkata,West Bengal,Kolkata,24252.0,22.45688582925185,88.43827825237425,3.4,96
Hospital #2548,Kolkata,West Bengal,Kolkata,24252.0,22.790999357643944,88.4187892492957,3.8,29
Hospital #2549,Kolkata,West Bengal,Kolkata,24252.0,22.50553874116145,88.34092423283005,4.5,444
Hospital #2550,Kolkata,West Bengal,Kolkata,24252.0,22.431951210539005,88.13527957364268,4.0,262
Hospital #2551,Kolkata,West Bengal,Kolkata,24252.0,22.461157482506472,88.0981754162116,3.8,851
Hospital #2552,Medinipur,West Bengal,Paschim Medinipur,757.0,22.4081875,87.7397429,4.1,348
Hospital #2553,Medinipur,West Bengal,Paschim Medinipur,757.0,22.97398474834832,88.39729760122438,3.8,121
Hospital #2554,"North 24 
Parganas",West Bengal,North 24 Parganas,2463.0,22.88734731530208,88.45417054992016,4.1,141
Hospital #2555,Serampore,West Bengal,Hooghly,1753.0,22.686489764849743,88.29875461116477,3.3,170
Hospital #2556,Siliguri,West Bengal,Darjeeling,762.0,26.7048125,88.4156179,3.5,260
Hospital #9999,Ratnagiri,Maharashtra,Ratnagiri,293,16.9902,73.3120,4.8,500
Hospital #9998,Ratnagiri,Maharashtra,Ratnagiri,293,16.9850,73.3000,4.6,300
